market,date,value,source,fetched_at
faridabad,2025-01-01,35,satta-company+satta-king-fast+satta-xpress,2026-09-26T01:01:24+05:30
ghaziabad,2025-01-01,44,satta-king-fast,2026-09-26T01:01:24+05:30
gali,2025-01-01,47,satta-king-fast,2026-09-26T01:01:24+05:30
disawar,2025-01-02,0,satta-king-fast,2026-09-26T01:01:24+05:30
faridabad,2025-01-02,70,satta-company+satta-king-fast+satta-xpress,2026-09-26T01:01:24+05:30
ghaziabad,2025-01-02,33,satta-king-fast,2026-09-26T01:01:24+05:30
gali,2025-01-02,54,satta-king-fast,2026-09-26T01:01:24+05:30
disawar,2025-01-03,4,satta-king-fast,2026-09-26T01:01:24+05:30
faridabad,2025-01-03,91,satta-company+satta-king-fast+satta-xpress,2026-09-26T01:01:24+05:30
ghaziabad,2025-01-03,76,satta-king-fast,2026-09-26T01:01:24+05:30
gali,2025-01-03,62,satta-king-fast,2026-09-26T01:01:24+05:30
disawar,2025-01-04,54,satta-king-fast,2026-09-26T01:01:24+05:30
faridabad,2025-01-04,84,satta-company+satta-king-fast+satta-xpress,2026-09-26T01:01:24+05:30
ghaziabad,2025-01-04,77,satta-king-fast,2026-09-26T01:01:24+05:30
gali,2025-01-04,30,satta-king-fast,2026-09-26T01:01:24+05:30
disawar,2025-01-05,76,satta-king-fast,2026-09-26T01:01:24+05:30
faridabad,2025-01-05,66,satta-company+satta-king-fast+satta-xpress,2026-09-26T01:01:24+05:30
ghaziabad,2025-01-05,80,satta-king-fast,2026-09-26T01:01:24+05:30
gali,2025-01-05,94,satta-king-fast,2026-09-26T01:01:24+05:30
disawar,2025-01-06,0,satta-king-fast,2026-09-26T01:01:24+05:30
faridabad,2025-01-06,27,satta-company+satta-king-fast+satta-xpress,2026-09-26T01:01:24+05:30
ghaziabad,2025-01-06,24,satta-king-fast,2026-09-26T01:01:24+05:30
gali,2025-01-06,23,satta-king-fast,2026-09-26T01:01:24+05:30
disawar,2025-01-07,83,satta-king-fast,2026-09-26T01:01:24+05:30
faridabad,2025-01-07,75,satta-company+satta-king-fast+satta-xpress,2026-09-26T01:01:24+05:30
ghaziabad,2025-01-07,44,satta-king-fast,2026-09-26T01:01:24+05:30
gali,2025-01-07,84,satta-king-fast,2026-09-26T01:01:24+05:30
disawar,2025-01-08,99,satta-king-fast,2026-09-26T01:01:24+05:30
faridabad,2025-01-08,43,satta-company+satta-king-fast+satta-xpress,2026-09-26T01:01:24+05:30
ghaziabad,2025-01-08,3,satta-king-fast,2026-09-26T01:01:24+05:30
gali,2025-01-08,71,satta-king-fast,2026-09-26T01:01:24+05:30
disawar,2025-01-09,73,satta-king-fast,2026-09-26T01:01:24+05:30
faridabad,2025-01-09,96,satta-company+satta-king-fast+satta-xpress,2026-09-26T01:01:24+05:30
ghaziabad,2025-01-09,26,satta-king-fast,2026-09-26T01:01:24+05:30
gali,2025-01-09,68,satta-king-fast,2026-09-26T01:01:24+05:30
disawar,2025-01-10,18,satta-king-fast,2026-09-26T01:01:24+05:30
faridabad,2025-01-10,99,satta-company+satta-king-fast+satta-xpress,2026-09-26T01:01:24+05:30
ghaziabad,2025-01-10,30,satta-king-fast,2026-09-26T01:01:24+05:30
gali,2025-01-10,84,satta-king-fast,2026-09-26T01:01:24+05:30
disawar,2025-01-11,84,satta-king-fast,2026-09-26T01:01:24+05:30
faridabad,2025-01-11,64,satta-company+satta-king-fast+satta-xpress,2026-09-26T01:01:24+05:30
ghaziabad,2025-01-11,19,satta-king-fast,2026-09-26T01:01:24+05:30
gali,2025-01-11,31,satta-king-fast,2026-09-26T01:01:24+05:30
disawar,2025-01-12,63,satta-king-fast,2026-09-26T01:01:24+05:30
faridabad,2025-01-12,45,satta-company+satta-king-fast+satta-xpress,2026-09-26T01:01:24+05:30
ghaziabad,2025-01-12,19,satta-king-fast,2026-09-26T01:01:24+05:30
gali,2025-01-12,66,satta-king-fast,2026-09-26T01:01:24+05:30
disawar,2025-01-13,40,satta-king-fast,2026-09-26T01:01:24+05:30
faridabad,2025-01-13,88,satta-company+satta-king-fast+satta-xpress,2026-09-26T01:01:24+05:30
ghaziabad,2025-01-13,39,satta-king-fast,2026-09-26T01:01:24+05:30
gali,2025-01-13,75,satta-king-fast,2026-09-26T01:01:24+05:30
disawar,2025-01-14,80,satta-king-fast,2026-09-26T01:01:24+05:30
faridabad,2025-01-14,42,satta-company+satta-king-fast+satta-xpress,2026-09-26T01:01:24+05:30
ghaziabad,2025-01-14,4,satta-king-fast,2026-09-26T01:01:24+05:30
gali,2025-01-14,39,satta-king-fast,2026-09-26T01:01:24+05:30
disawar,2025-01-15,3,satta-king-fast,2026-09-26T01:01:24+05:30
faridabad,2025-01-15,31,satta-company+satta-king-fast+satta-xpress,2026-09-26T01:01:24+05:30
ghaziabad,2025-01-15,6,satta-king-fast,2026-09-26T01:01:24+05:30
gali,2025-01-15,98,satta-king-fast,2026-09-26T01:01:24+05:30
disawar,2025-01-16,69,satta-king-fast,2026-09-26T01:01:24+05:30
faridabad,2025-01-16,48,satta-company+satta-king-fast+satta-xpress,2026-09-26T01:01:24+05:30
ghaziabad,2025-01-16,69,satta-king-fast,2026-09-26T01:01:24+05:30
gali,2025-01-16,59,satta-king-fast,2026-09-26T01:01:24+05:30
disawar,2025-01-17,80,satta-king-fast,2026-09-26T01:01:24+05:30
faridabad,2025-01-17,12,satta-company+satta-king-fast+satta-xpress,2026-09-26T01:01:24+05:30
ghaziabad,2025-01-17,41,satta-king-fast,2026-09-26T01:01:24+05:30
gali,2025-01-17,80,satta-king-fast,2026-09-26T01:01:24+05:30
disawar,2025-01-18,96,satta-king-fast,2026-09-26T01:01:24+05:30
faridabad,2025-01-18,43,satta-company+satta-king-fast+satta-xpress,2026-09-26T01:01:24+05:30
ghaziabad,2025-01-18,17,satta-king-fast,2026-09-26T01:01:24+05:30
gali,2025-01-18,77,satta-king-fast,2026-09-26T01:01:24+05:30
disawar,2025-01-19,61,satta-king-fast,2026-09-26T01:01:24+05:30
faridabad,2025-01-19,49,satta-company+satta-king-fast+satta-xpress,2026-09-26T01:01:24+05:30
ghaziabad,2025-01-19,34,satta-king-fast,2026-09-26T01:01:24+05:30
gali,2025-01-19,22,satta-king-fast,2026-09-26T01:01:24+05:30
disawar,2025-01-20,43,satta-king-fast,2026-09-26T01:01:24+05:30
faridabad,2025-01-20,2,satta-company+satta-king-fast+satta-xpress,2026-09-26T01:01:24+05:30
ghaziabad,2025-01-20,29,satta-king-fast,2026-09-26T01:01:24+05:30
gali,2025-01-20,76,satta-king-fast,2026-09-26T01:01:24+05:30
disawar,2025-01-21,61,satta-king-fast,2026-09-26T01:01:24+05:30
faridabad,2025-01-21,49,satta-company+satta-king-fast+satta-xpress,2026-09-26T01:01:24+05:30
ghaziabad,2025-01-21,67,satta-king-fast,2026-09-26T01:01:24+05:30
gali,2025-01-21,46,satta-king-fast,2026-09-26T01:01:24+05:30
disawar,2025-01-22,21,satta-king-fast,2026-09-26T01:01:24+05:30
faridabad,2025-01-22,46,satta-company+satta-king-fast+satta-xpress,2026-09-26T01:01:24+05:30
ghaziabad,2025-01-22,72,satta-king-fast,2026-09-26T01:01:24+05:30
gali,2025-01-22,14,satta-king-fast,2026-09-26T01:01:24+05:30
disawar,2025-01-23,60,satta-king-fast,2026-09-26T01:01:24+05:30
faridabad,2025-01-23,31,satta-company+satta-king-fast+satta-xpress,2026-09-26T01:01:24+05:30
ghaziabad,2025-01-23,37,satta-king-fast,2026-09-26T01:01:24+05:30
gali,2025-01-23,39,satta-king-fast,2026-09-26T01:01:24+05:30
disawar,2025-01-24,48,satta-king-fast,2026-09-26T01:01:24+05:30
faridabad,2025-01-24,38,satta-company+satta-king-fast+satta-xpress,2026-09-26T01:01:24+05:30
ghaziabad,2025-01-24,2,satta-king-fast,2026-09-26T01:01:24+05:30
gali,2025-01-24,13,satta-king-fast,2026-09-26T01:01:24+05:30
disawar,2025-01-25,70,satta-king-fast,2026-09-26T01:01:24+05:30
faridabad,2025-01-25,72,satta-company+satta-king-fast+satta-xpress,2026-09-26T01:01:24+05:30
ghaziabad,2025-01-25,43,satta-king-fast,2026-09-26T01:01:24+05:30
gali,2025-01-25,42,satta-king-fast,2026-09-26T01:01:24+05:30
disawar,2025-01-26,83,satta-king-fast,2026-09-26T01:01:24+05:30
faridabad,2025-01-26,60,satta-company+satta-king-fast+satta-xpress,2026-09-26T01:01:24+05:30
ghaziabad,2025-01-26,60,satta-king-fast,2026-09-26T01:01:24+05:30
gali,2025-01-26,22,satta-king-fast,2026-09-26T01:01:24+05:30
disawar,2025-01-27,97,satta-king-fast,2026-09-26T01:01:24+05:30
faridabad,2025-01-27,77,satta-company+satta-king-fast+satta-xpress,2026-09-26T01:01:24+05:30
ghaziabad,2025-01-27,99,satta-king-fast,2026-09-26T01:01:24+05:30
gali,2025-01-27,17,satta-king-fast,2026-09-26T01:01:24+05:30
disawar,2025-01-28,74,satta-king-fast,2026-09-26T01:01:24+05:30
faridabad,2025-01-28,68,satta-company+satta-king-fast+satta-xpress,2026-09-26T01:01:24+05:30
ghaziabad,2025-01-28,45,satta-king-fast,2026-09-26T01:01:24+05:30
gali,2025-01-28,49,satta-king-fast,2026-09-26T01:01:24+05:30
disawar,2025-01-29,34,satta-king-fast,2026-09-26T01:01:24+05:30
faridabad,2025-01-29,43,satta-company+satta-king-fast+satta-xpress,2026-09-26T01:01:24+05:30
ghaziabad,2025-01-29,85,satta-king-fast,2026-09-26T01:01:24+05:30
gali,2025-01-29,66,satta-king-fast,2026-09-26T01:01:24+05:30
disawar,2025-01-30,91,satta-king-fast,2026-09-26T01:01:24+05:30
faridabad,2025-01-30,4,satta-company+satta-king-fast+satta-xpress,2026-09-26T01:01:24+05:30
ghaziabad,2025-01-30,87,satta-king-fast,2026-09-26T01:01:24+05:30
gali,2025-01-30,42,satta-king-fast,2026-09-26T01:01:24+05:30
disawar,2025-01-31,85,satta-king-fast,2026-09-26T01:01:24+05:30
faridabad,2025-02-01,76,satta-company+satta-king-fast+satta-xpress,2026-09-26T01:01:24+05:30
ghaziabad,2025-02-01,39,satta-king-fast,2026-09-26T01:01:24+05:30
gali,2025-02-01,52,satta-king-fast,2026-09-26T01:01:24+05:30
disawar,2025-02-02,13,satta-king-fast,2026-09-26T01:01:24+05:30
faridabad,2025-02-02,0,satta-company+satta-king-fast+satta-xpress,2026-09-26T01:01:24+05:30
ghaziabad,2025-02-02,11,satta-king-fast,2026-09-26T01:01:24+05:30
gali,2025-02-02,60,satta-king-fast,2026-09-26T01:01:24+05:30
disawar,2025-02-03,90,satta-king-fast,2026-09-26T01:01:24+05:30
faridabad,2025-02-03,76,satta-company+satta-king-fast+satta-xpress,2026-09-26T01:01:24+05:30
ghaziabad,2025-02-03,75,satta-king-fast,2026-09-26T01:01:24+05:30
gali,2025-02-03,96,satta-king-fast,2026-09-26T01:01:24+05:30
disawar,2025-02-04,79,satta-king-fast,2026-09-26T01:01:24+05:30
faridabad,2025-02-04,98,satta-company+satta-king-fast+satta-xpress,2026-09-26T01:01:24+05:30
ghaziabad,2025-02-04,33,satta-king-fast,2026-09-26T01:01:24+05:30
gali,2025-02-04,57,satta-king-fast,2026-09-26T01:01:24+05:30
disawar,2025-02-05,50,satta-king-fast,2026-09-26T01:01:24+05:30
faridabad,2025-02-05,46,satta-company+satta-king-fast+satta-xpress,2026-09-26T01:01:24+05:30
ghaziabad,2025-02-05,29,satta-king-fast,2026-09-26T01:01:24+05:30
gali,2025-02-05,19,satta-king-fast,2026-09-26T01:01:24+05:30
disawar,2025-02-06,86,satta-king-fast,2026-09-26T01:01:24+05:30
faridabad,2025-02-06,88,satta-company+satta-king-fast+satta-xpress,2026-09-26T01:01:24+05:30
ghaziabad,2025-02-06,53,satta-king-fast,2026-09-26T01:01:24+05:30
gali,2025-02-06,50,satta-king-fast,2026-09-26T01:01:24+05:30
disawar,2025-02-07,68,satta-king-fast,2026-09-26T01:01:24+05:30
faridabad,2025-02-07,19,satta-company+satta-king-fast+satta-xpress,2026-09-26T01:01:24+05:30
ghaziabad,2025-02-07,63,satta-king-fast,2026-09-26T01:01:24+05:30
gali,2025-02-07,45,satta-king-fast,2026-09-26T01:01:24+05:30
disawar,2025-02-08,54,satta-king-fast,2026-09-26T01:01:24+05:30
faridabad,2025-02-08,15,satta-company+satta-king-fast+satta-xpress,2026-09-26T01:01:24+05:30
ghaziabad,2025-02-08,94,satta-king-fast,2026-09-26T01:01:24+05:30
gali,2025-02-08,93,satta-king-fast,2026-09-26T01:01:24+05:30
disawar,2025-02-09,3,satta-king-fast,2026-09-26T01:01:24+05:30
faridabad,2025-02-09,77,satta-company+satta-king-fast+satta-xpress,2026-09-26T01:01:24+05:30
ghaziabad,2025-02-09,35,satta-king-fast,2026-09-26T01:01:24+05:30
gali,2025-02-09,11,satta-king-fast,2026-09-26T01:01:24+05:30
disawar,2025-02-10,40,satta-king-fast,2026-09-26T01:01:24+05:30
faridabad,2025-02-10,4,satta-company+satta-king-fast+satta-xpress,2026-09-26T01:01:24+05:30
ghaziabad,2025-02-10,75,satta-king-fast,2026-09-26T01:01:24+05:30
gali,2025-02-10,28,satta-king-fast,2026-09-26T01:01:24+05:30
disawar,2025-02-11,37,satta-king-fast,2026-09-26T01:01:24+05:30
faridabad,2025-02-11,5,satta-company+satta-king-fast+satta-xpress,2026-09-26T01:01:24+05:30
ghaziabad,2025-02-11,17,satta-king-fast,2026-09-26T01:01:24+05:30
gali,2025-02-11,3,satta-king-fast,2026-09-26T01:01:24+05:30
disawar,2025-02-12,96,satta-king-fast,2026-09-26T01:01:24+05:30
faridabad,2025-02-12,2,satta-company+satta-king-fast+satta-xpress,2026-09-26T01:01:24+05:30
ghaziabad,2025-02-12,62,satta-king-fast,2026-09-26T01:01:24+05:30
gali,2025-02-12,5,satta-king-fast,2026-09-26T01:01:24+05:30
disawar,2025-02-13,21,satta-king-fast,2026-09-26T01:01:24+05:30
faridabad,2025-02-13,83,satta-company+satta-king-fast+satta-xpress,2026-09-26T01:01:24+05:30
ghaziabad,2025-02-13,87,satta-king-fast,2026-09-26T01:01:24+05:30
gali,2025-02-13,93,satta-king-fast,2026-09-26T01:01:24+05:30
disawar,2025-02-14,95,satta-king-fast,2026-09-26T01:01:24+05:30
faridabad,2025-02-14,12,satta-company+satta-king-fast+satta-xpress,2026-09-26T01:01:24+05:30
ghaziabad,2025-02-14,4,satta-king-fast,2026-09-26T01:01:24+05:30
gali,2025-02-14,67,satta-king-fast,2026-09-26T01:01:24+05:30
disawar,2025-02-15,74,satta-king-fast,2026-09-26T01:01:24+05:30
faridabad,2025-02-15,24,satta-company+satta-king-fast+satta-xpress,2026-09-26T01:01:24+05:30
ghaziabad,2025-02-15,12,satta-king-fast,2026-09-26T01:01:24+05:30
gali,2025-02-15,23,satta-king-fast,2026-09-26T01:01:24+05:30
disawar,2025-02-16,20,satta-king-fast,2026-09-26T01:01:24+05:30
faridabad,2025-02-16,71,satta-company+satta-king-fast+satta-xpress,2026-09-26T01:01:24+05:30
ghaziabad,2025-02-16,21,satta-king-fast,2026-09-26T01:01:24+05:30
gali,2025-02-16,71,satta-king-fast,2026-09-26T01:01:24+05:30
disawar,2025-02-17,4,satta-king-fast,2026-09-26T01:01:24+05:30
faridabad,2025-02-17,82,satta-company+satta-king-fast+satta-xpress,2026-09-26T01:01:24+05:30
ghaziabad,2025-02-17,24,satta-king-fast,2026-09-26T01:01:24+05:30
gali,2025-02-17,67,satta-king-fast,2026-09-26T01:01:24+05:30
disawar,2025-02-18,94,satta-king-fast,2026-09-26T01:01:24+05:30
faridabad,2025-02-18,82,satta-company+satta-king-fast+satta-xpress,2026-09-26T01:01:24+05:30
ghaziabad,2025-02-18,75,satta-king-fast,2026-09-26T01:01:24+05:30
gali,2025-02-18,75,satta-king-fast,2026-09-26T01:01:24+05:30
disawar,2025-02-19,46,satta-king-fast,2026-09-26T01:01:24+05:30
faridabad,2025-02-19,95,satta-company+satta-king-fast+satta-xpress,2026-09-26T01:01:24+05:30
ghaziabad,2025-02-19,89,satta-king-fast,2026-09-26T01:01:24+05:30
gali,2025-02-19,31,satta-king-fast,2026-09-26T01:01:24+05:30
disawar,2025-02-20,53,satta-king-fast,2026-09-26T01:01:24+05:30
faridabad,2025-02-20,41,satta-company+satta-king-fast+satta-xpress,2026-09-26T01:01:24+05:30
ghaziabad,2025-02-20,13,satta-king-fast,2026-09-26T01:01:24+05:30
gali,2025-02-20,81,satta-king-fast,2026-09-26T01:01:24+05:30
disawar,2025-02-21,59,satta-king-fast,2026-09-26T01:01:24+05:30
faridabad,2025-02-21,49,satta-company+satta-king-fast+satta-xpress,2026-09-26T01:01:24+05:30
ghaziabad,2025-02-21,83,satta-king-fast,2026-09-26T01:01:24+05:30
gali,2025-02-21,55,satta-king-fast,2026-09-26T01:01:24+05:30
disawar,2025-02-22,36,satta-king-fast,2026-09-26T01:01:24+05:30
faridabad,2025-02-22,76,satta-company+satta-king-fast+satta-xpress,2026-09-26T01:01:24+05:30
ghaziabad,2025-02-22,23,satta-king-fast,2026-09-26T01:01:24+05:30
gali,2025-02-22,47,satta-king-fast,2026-09-26T01:01:24+05:30
disawar,2025-02-23,96,satta-king-fast,2026-09-26T01:01:24+05:30
faridabad,2025-02-23,1,satta-company+satta-king-fast+satta-xpress,2026-09-26T01:01:24+05:30
ghaziabad,2025-02-23,92,satta-king-fast,2026-09-26T01:01:24+05:30
gali,2025-02-23,73,satta-king-fast,2026-09-26T01:01:24+05:30
disawar,2025-02-24,58,satta-king-fast,2026-09-26T01:01:24+05:30
faridabad,2025-02-24,74,satta-company+satta-king-fast+satta-xpress,2026-09-26T01:01:24+05:30
ghaziabad,2025-02-24,9,satta-king-fast,2026-09-26T01:01:24+05:30
gali,2025-02-24,82,satta-king-fast,2026-09-26T01:01:24+05:30
disawar,2025-02-25,91,satta-king-fast,2026-09-26T01:01:24+05:30
faridabad,2025-02-25,13,satta-company+satta-king-fast+satta-xpress,2026-09-26T01:01:24+05:30
ghaziabad,2025-02-25,95,satta-king-fast,2026-09-26T01:01:24+05:30
gali,2025-02-25,24,satta-king-fast,2026-09-26T01:01:24+05:30
disawar,2025-02-26,0,satta-king-fast,2026-09-26T01:01:24+05:30
faridabad,2025-02-26,29,satta-company+satta-king-fast+satta-xpress,2026-09-26T01:01:24+05:30
ghaziabad,2025-02-26,3,satta-king-fast,2026-09-26T01:01:24+05:30
gali,2025-02-26,99,satta-king-fast,2026-09-26T01:01:24+05:30
disawar,2025-02-27,94,satta-king-fast,2026-09-26T01:01:24+05:30
faridabad,2025-02-27,70,satta-company+satta-king-fast+satta-xpress,2026-09-26T01:01:24+05:30
ghaziabad,2025-02-27,59,satta-king-fast,2026-09-26T01:01:24+05:30
gali,2025-02-27,12,satta-king-fast,2026-09-26T01:01:24+05:30
disawar,2025-02-28,11,satta-king-fast,2026-09-26T01:01:24+05:30
faridabad,2025-03-01,47,satta-company+satta-king-fast+satta-xpress,2026-09-26T01:01:24+05:30
ghaziabad,2025-03-01,23,satta-king-fast,2026-09-26T01:01:24+05:30
gali,2025-03-01,69,satta-king-fast,2026-09-26T01:01:24+05:30
disawar,2025-03-02,43,satta-king-fast,2026-09-26T01:01:24+05:30
faridabad,2025-03-02,53,satta-company+satta-king-fast+satta-xpress,2026-09-26T01:01:24+05:30
ghaziabad,2025-03-02,63,satta-king-fast,2026-09-26T01:01:24+05:30
gali,2025-03-02,88,satta-king-fast,2026-09-26T01:01:24+05:30
disawar,2025-03-03,50,satta-king-fast,2026-09-26T01:01:24+05:30
faridabad,2025-03-03,22,satta-company+satta-king-fast+satta-xpress,2026-09-26T01:01:24+05:30
ghaziabad,2025-03-03,2,satta-king-fast,2026-09-26T01:01:24+05:30
gali,2025-03-03,62,satta-king-fast,2026-09-26T01:01:24+05:30
disawar,2025-03-04,88,satta-king-fast,2026-09-26T01:01:24+05:30
faridabad,2025-03-04,71,satta-company+satta-king-fast+satta-xpress,2026-09-26T01:01:24+05:30
ghaziabad,2025-03-04,53,satta-king-fast,2026-09-26T01:01:24+05:30
gali,2025-03-04,85,satta-king-fast,2026-09-26T01:01:24+05:30
disawar,2025-03-05,43,satta-king-fast,2026-09-26T01:01:24+05:30
faridabad,2025-03-05,25,satta-company+satta-king-fast+satta-xpress,2026-09-26T01:01:24+05:30
ghaziabad,2025-03-05,61,satta-king-fast,2026-09-26T01:01:24+05:30
gali,2025-03-05,11,satta-king-fast,2026-09-26T01:01:24+05:30
disawar,2025-03-06,47,satta-king-fast,2026-09-26T01:01:24+05:30
faridabad,2025-03-06,99,satta-company+satta-king-fast+satta-xpress,2026-09-26T01:01:24+05:30
ghaziabad,2025-03-06,89,satta-king-fast,2026-09-26T01:01:24+05:30
gali,2025-03-06,90,satta-king-fast,2026-09-26T01:01:24+05:30
disawar,2025-03-07,58,satta-king-fast,2026-09-26T01:01:24+05:30
faridabad,2025-03-07,29,satta-company+satta-king-fast+satta-xpress,2026-09-26T01:01:24+05:30
ghaziabad,2025-03-07,97,satta-king-fast,2026-09-26T01:01:24+05:30
gali,2025-03-07,82,satta-king-fast,2026-09-26T01:01:24+05:30
disawar,2025-03-08,99,satta-king-fast,2026-09-26T01:01:24+05:30
faridabad,2025-03-08,27,satta-company+satta-king-fast+satta-xpress,2026-09-26T01:01:24+05:30
ghaziabad,2025-03-08,80,satta-king-fast,2026-09-26T01:01:24+05:30
gali,2025-03-08,69,satta-king-fast,2026-09-26T01:01:24+05:30
disawar,2025-03-09,17,satta-king-fast,2026-09-26T01:01:24+05:30
faridabad,2025-03-09,15,satta-company+satta-king-fast+satta-xpress,2026-09-26T01:01:24+05:30
ghaziabad,2025-03-09,41,satta-king-fast,2026-09-26T01:01:24+05:30
gali,2025-03-09,60,satta-king-fast,2026-09-26T01:01:24+05:30
disawar,2025-03-10,94,satta-king-fast,2026-09-26T01:01:24+05:30
faridabad,2025-03-10,69,satta-company+satta-king-fast+satta-xpress,2026-09-26T01:01:24+05:30
ghaziabad,2025-03-10,42,satta-king-fast,2026-09-26T01:01:24+05:30
gali,2025-03-10,26,satta-king-fast,2026-09-26T01:01:24+05:30
disawar,2025-03-11,79,satta-king-fast,2026-09-26T01:01:24+05:30
faridabad,2025-03-11,78,satta-company+satta-king-fast+satta-xpress,2026-09-26T01:01:24+05:30
ghaziabad,2025-03-11,19,satta-king-fast,2026-09-26T01:01:24+05:30
gali,2025-03-11,72,satta-king-fast,2026-09-26T01:01:24+05:30
disawar,2025-03-12,55,satta-king-fast,2026-09-26T01:01:24+05:30
faridabad,2025-03-12,98,satta-company+satta-king-fast+satta-xpress,2026-09-26T01:01:24+05:30
ghaziabad,2025-03-12,23,satta-king-fast,2026-09-26T01:01:24+05:30
gali,2025-03-12,68,satta-king-fast,2026-09-26T01:01:24+05:30
disawar,2025-03-13,71,satta-king-fast,2026-09-26T01:01:24+05:30
faridabad,2025-03-13,35,satta-company+satta-king-fast+satta-xpress,2026-09-26T01:01:24+05:30
ghaziabad,2025-03-13,54,satta-king-fast,2026-09-26T01:01:24+05:30
gali,2025-03-13,11,satta-king-fast,2026-09-26T01:01:24+05:30
disawar,2025-03-14,47,satta-king-fast,2026-09-26T01:01:24+05:30
faridabad,2025-03-14,37,satta-company+satta-king-fast+satta-xpress,2026-09-26T01:01:24+05:30
ghaziabad,2025-03-14,95,satta-king-fast,2026-09-26T01:01:24+05:30
gali,2025-03-14,30,satta-king-fast,2026-09-26T01:01:24+05:30
disawar,2025-03-15,31,satta-king-fast,2026-09-26T01:01:24+05:30
faridabad,2025-03-15,6,satta-company+satta-king-fast+satta-xpress,2026-09-26T01:01:24+05:30
ghaziabad,2025-03-15,72,satta-king-fast,2026-09-26T01:01:24+05:30
gali,2025-03-15,55,satta-king-fast,2026-09-26T01:01:24+05:30
disawar,2025-03-16,25,satta-king-fast,2026-09-26T01:01:24+05:30
faridabad,2025-03-16,33,satta-company+satta-king-fast+satta-xpress,2026-09-26T01:01:24+05:30
ghaziabad,2025-03-16,62,satta-king-fast,2026-09-26T01:01:24+05:30
gali,2025-03-16,68,satta-king-fast,2026-09-26T01:01:24+05:30
disawar,2025-03-17,0,satta-king-fast,2026-09-26T01:01:24+05:30
faridabad,2025-03-17,64,satta-company+satta-king-fast+satta-xpress,2026-09-26T01:01:24+05:30
ghaziabad,2025-03-17,96,satta-king-fast,2026-09-26T01:01:24+05:30
gali,2025-03-17,42,satta-king-fast,2026-09-26T01:01:24+05:30
disawar,2025-03-18,99,satta-king-fast,2026-09-26T01:01:24+05:30
faridabad,2025-03-18,73,satta-company+satta-king-fast+satta-xpress,2026-09-26T01:01:24+05:30
ghaziabad,2025-03-18,70,satta-king-fast,2026-09-26T01:01:24+05:30
gali,2025-03-18,50,satta-king-fast,2026-09-26T01:01:24+05:30
disawar,2025-03-19,25,satta-king-fast,2026-09-26T01:01:24+05:30
faridabad,2025-03-19,77,satta-company+satta-king-fast+satta-xpress,2026-09-26T01:01:24+05:30
ghaziabad,2025-03-19,50,satta-king-fast,2026-09-26T01:01:24+05:30
gali,2025-03-19,23,satta-king-fast,2026-09-26T01:01:24+05:30
disawar,2025-03-20,96,satta-king-fast,2026-09-26T01:01:24+05:30
faridabad,2025-03-20,28,satta-company+satta-king-fast+satta-xpress,2026-09-26T01:01:24+05:30
ghaziabad,2025-03-20,37,satta-king-fast,2026-09-26T01:01:24+05:30
gali,2025-03-20,23,satta-king-fast,2026-09-26T01:01:24+05:30
disawar,2025-03-21,99,satta-king-fast,2026-09-26T01:01:24+05:30
faridabad,2025-03-21,61,satta-company+satta-king-fast+satta-xpress,2026-09-26T01:01:24+05:30
ghaziabad,2025-03-21,92,satta-king-fast,2026-09-26T01:01:24+05:30
gali,2025-03-21,80,satta-king-fast,2026-09-26T01:01:24+05:30
disawar,2025-03-22,26,satta-king-fast,2026-09-26T01:01:24+05:30
faridabad,2025-03-22,49,satta-company+satta-king-fast+satta-xpress,2026-09-26T01:01:24+05:30
ghaziabad,2025-03-22,70,satta-king-fast,2026-09-26T01:01:24+05:30
gali,2025-03-22,64,satta-king-fast,2026-09-26T01:01:24+05:30
disawar,2025-03-23,90,satta-king-fast,2026-09-26T01:01:24+05:30
faridabad,2025-03-23,69,satta-company+satta-king-fast+satta-xpress,2026-09-26T01:01:24+05:30
ghaziabad,2025-03-23,10,satta-king-fast,2026-09-26T01:01:24+05:30
gali,2025-03-23,9,satta-king-fast,2026-09-26T01:01:24+05:30
disawar,2025-03-24,16,satta-king-fast,2026-09-26T01:01:24+05:30
faridabad,2025-03-24,63,satta-company+satta-king-fast+satta-xpress,2026-09-26T01:01:24+05:30
ghaziabad,2025-03-24,65,satta-king-fast,2026-09-26T01:01:24+05:30
gali,2025-03-24,34,satta-king-fast,2026-09-26T01:01:24+05:30
disawar,2025-03-25,34,satta-king-fast,2026-09-26T01:01:24+05:30
faridabad,2025-03-25,98,satta-company+satta-king-fast+satta-xpress,2026-09-26T01:01:24+05:30
ghaziabad,2025-03-25,65,satta-king-fast,2026-09-26T01:01:24+05:30
gali,2025-03-25,42,satta-king-fast,2026-09-26T01:01:24+05:30
disawar,2025-03-26,56,satta-king-fast,2026-09-26T01:01:24+05:30
faridabad,2025-03-26,94,satta-company+satta-king-fast+satta-xpress,2026-09-26T01:01:24+05:30
ghaziabad,2025-03-26,73,satta-king-fast,2026-09-26T01:01:24+05:30
gali,2025-03-26,89,satta-king-fast,2026-09-26T01:01:24+05:30
disawar,2025-03-27,39,satta-king-fast,2026-09-26T01:01:24+05:30
faridabad,2025-03-27,71,satta-company+satta-king-fast+satta-xpress,2026-09-26T01:01:24+05:30
ghaziabad,2025-03-27,16,satta-king-fast,2026-09-26T01:01:24+05:30
gali,2025-03-27,70,satta-king-fast,2026-09-26T01:01:24+05:30
disawar,2025-03-28,94,satta-king-fast,2026-09-26T01:01:24+05:30
faridabad,2025-03-28,3,satta-company+satta-king-fast+satta-xpress,2026-09-26T01:01:24+05:30
ghaziabad,2025-03-28,93,satta-king-fast,2026-09-26T01:01:24+05:30
gali,2025-03-28,45,satta-king-fast,2026-09-26T01:01:24+05:30
disawar,2025-03-29,89,satta-king-fast,2026-09-26T01:01:24+05:30
faridabad,2025-03-29,22,satta-company+satta-king-fast+satta-xpress,2026-09-26T01:01:24+05:30
ghaziabad,2025-03-29,55,satta-king-fast,2026-09-26T01:01:24+05:30
gali,2025-03-29,35,satta-king-fast,2026-09-26T01:01:24+05:30
disawar,2025-03-30,64,satta-king-fast,2026-09-26T01:01:24+05:30
faridabad,2025-03-30,80,satta-company+satta-king-fast+satta-xpress,2026-09-26T01:01:24+05:30
ghaziabad,2025-03-30,72,satta-king-fast,2026-09-26T01:01:24+05:30
gali,2025-03-30,34,satta-king-fast,2026-09-26T01:01:24+05:30
disawar,2025-03-31,18,satta-king-fast,2026-09-26T01:01:24+05:30
faridabad,2025-04-01,9,satta-company+satta-king-fast+satta-xpress,2026-09-26T01:01:24+05:30
ghaziabad,2025-04-01,22,satta-king-fast,2026-09-26T01:01:24+05:30
gali,2025-04-01,41,satta-king-fast,2026-09-26T01:01:24+05:30
disawar,2025-04-02,9,satta-king-fast,2026-09-26T01:01:24+05:30
faridabad,2025-04-02,3,satta-company+satta-king-fast+satta-xpress,2026-09-26T01:01:24+05:30
ghaziabad,2025-04-02,9,satta-king-fast,2026-09-26T01:01:24+05:30
gali,2025-04-02,12,satta-king-fast,2026-09-26T01:01:24+05:30
disawar,2025-04-03,71,satta-king-fast,2026-09-26T01:01:24+05:30
faridabad,2025-04-03,98,satta-company+satta-king-fast+satta-xpress,2026-09-26T01:01:24+05:30
ghaziabad,2025-04-03,28,satta-king-fast,2026-09-26T01:01:24+05:30
gali,2025-04-03,42,satta-king-fast,2026-09-26T01:01:24+05:30
disawar,2025-04-04,87,satta-king-fast,2026-09-26T01:01:24+05:30
faridabad,2025-04-04,82,satta-company+satta-king-fast+satta-xpress,2026-09-26T01:01:24+05:30
ghaziabad,2025-04-04,81,satta-king-fast,2026-09-26T01:01:24+05:30
gali,2025-04-04,5,satta-king-fast,2026-09-26T01:01:24+05:30
disawar,2025-04-05,2,satta-king-fast,2026-09-26T01:01:24+05:30
faridabad,2025-04-05,68,satta-company+satta-king-fast+satta-xpress,2026-09-26T01:01:24+05:30
ghaziabad,2025-04-05,67,satta-king-fast,2026-09-26T01:01:24+05:30
gali,2025-04-05,98,satta-king-fast,2026-09-26T01:01:24+05:30
disawar,2025-04-06,24,satta-king-fast,2026-09-26T01:01:24+05:30
faridabad,2025-04-06,68,satta-company+satta-king-fast+satta-xpress,2026-09-26T01:01:24+05:30
ghaziabad,2025-04-06,56,satta-king-fast,2026-09-26T01:01:24+05:30
gali,2025-04-06,98,satta-king-fast,2026-09-26T01:01:24+05:30
disawar,2025-04-07,59,satta-king-fast,2026-09-26T01:01:24+05:30
faridabad,2025-04-07,51,satta-company+satta-king-fast+satta-xpress,2026-09-26T01:01:24+05:30
ghaziabad,2025-04-07,6,satta-king-fast,2026-09-26T01:01:24+05:30
gali,2025-04-07,46,satta-king-fast,2026-09-26T01:01:24+05:30
disawar,2025-04-08,70,satta-king-fast,2026-09-26T01:01:24+05:30
faridabad,2025-04-08,55,satta-company+satta-king-fast+satta-xpress,2026-09-26T01:01:24+05:30
ghaziabad,2025-04-08,36,satta-king-fast,2026-09-26T01:01:24+05:30
gali,2025-04-08,3,satta-king-fast,2026-09-26T01:01:24+05:30
disawar,2025-04-09,67,satta-king-fast,2026-09-26T01:01:24+05:30
faridabad,2025-04-09,44,satta-company+satta-king-fast+satta-xpress,2026-09-26T01:01:24+05:30
ghaziabad,2025-04-09,25,satta-king-fast,2026-09-26T01:01:24+05:30
gali,2025-04-09,58,satta-king-fast,2026-09-26T01:01:24+05:30
disawar,2025-04-10,70,satta-king-fast,2026-09-26T01:01:24+05:30
faridabad,2025-04-10,56,satta-company+satta-king-fast+satta-xpress,2026-09-26T01:01:24+05:30
ghaziabad,2025-04-10,22,satta-king-fast,2026-09-26T01:01:24+05:30
gali,2025-04-10,35,satta-king-fast,2026-09-26T01:01:24+05:30
disawar,2025-04-11,98,satta-king-fast,2026-09-26T01:01:24+05:30
faridabad,2025-04-11,20,satta-company+satta-king-fast+satta-xpress,2026-09-26T01:01:24+05:30
ghaziabad,2025-04-11,93,satta-king-fast,2026-09-26T01:01:24+05:30
gali,2025-04-11,68,satta-king-fast,2026-09-26T01:01:24+05:30
disawar,2025-04-12,6,satta-king-fast,2026-09-26T01:01:24+05:30
faridabad,2025-04-12,74,satta-company+satta-king-fast+satta-xpress,2026-09-26T01:01:24+05:30
ghaziabad,2025-04-12,83,satta-king-fast,2026-09-26T01:01:24+05:30
gali,2025-04-12,47,satta-king-fast,2026-09-26T01:01:24+05:30
disawar,2025-04-13,67,satta-king-fast,2026-09-26T01:01:24+05:30
faridabad,2025-04-13,67,satta-company+satta-king-fast+satta-xpress,2026-09-26T01:01:24+05:30
ghaziabad,2025-04-13,85,satta-king-fast,2026-09-26T01:01:24+05:30
gali,2025-04-13,73,satta-king-fast,2026-09-26T01:01:24+05:30
disawar,2025-04-14,57,satta-king-fast,2026-09-26T01:01:24+05:30
faridabad,2025-04-14,3,satta-company+satta-king-fast+satta-xpress,2026-09-26T01:01:24+05:30
ghaziabad,2025-04-14,25,satta-king-fast,2026-09-26T01:01:24+05:30
gali,2025-04-14,25,satta-king-fast,2026-09-26T01:01:24+05:30
disawar,2025-04-15,71,satta-king-fast,2026-09-26T01:01:24+05:30
faridabad,2025-04-15,81,satta-company+satta-king-fast+satta-xpress,2026-09-26T01:01:24+05:30
ghaziabad,2025-04-15,77,satta-king-fast,2026-09-26T01:01:24+05:30
gali,2025-04-15,1,satta-king-fast,2026-09-26T01:01:24+05:30
disawar,2025-04-16,53,satta-king-fast,2026-09-26T01:01:24+05:30
faridabad,2025-04-16,60,satta-company+satta-king-fast+satta-xpress,2026-09-26T01:01:24+05:30
ghaziabad,2025-04-16,30,satta-king-fast,2026-09-26T01:01:24+05:30
gali,2025-04-16,72,satta-king-fast,2026-09-26T01:01:24+05:30
disawar,2025-04-17,51,satta-king-fast,2026-09-26T01:01:24+05:30
faridabad,2025-04-17,80,satta-company+satta-king-fast+satta-xpress,2026-09-26T01:01:24+05:30
ghaziabad,2025-04-17,3,satta-king-fast,2026-09-26T01:01:24+05:30
gali,2025-04-17,98,satta-king-fast,2026-09-26T01:01:24+05:30
disawar,2025-04-18,78,satta-king-fast,2026-09-26T01:01:24+05:30
faridabad,2025-04-18,15,satta-company+satta-king-fast+satta-xpress,2026-09-26T01:01:24+05:30
ghaziabad,2025-04-18,43,satta-king-fast,2026-09-26T01:01:24+05:30
gali,2025-04-18,30,satta-king-fast,2026-09-26T01:01:24+05:30
disawar,2025-04-19,74,satta-king-fast,2026-09-26T01:01:24+05:30
faridabad,2025-04-19,57,satta-company+satta-king-fast+satta-xpress,2026-09-26T01:01:24+05:30
ghaziabad,2025-04-19,9,satta-king-fast,2026-09-26T01:01:24+05:30
gali,2025-04-19,75,satta-king-fast,2026-09-26T01:01:24+05:30
disawar,2025-04-20,8,satta-king-fast,2026-09-26T01:01:24+05:30
faridabad,2025-04-20,33,satta-company+satta-king-fast+satta-xpress,2026-09-26T01:01:24+05:30
ghaziabad,2025-04-20,94,satta-king-fast,2026-09-26T01:01:24+05:30
gali,2025-04-20,10,satta-king-fast,2026-09-26T01:01:24+05:30
disawar,2025-04-21,45,satta-king-fast,2026-09-26T01:01:24+05:30
faridabad,2025-04-21,17,satta-company+satta-king-fast+satta-xpress,2026-09-26T01:01:24+05:30
ghaziabad,2025-04-21,85,satta-king-fast,2026-09-26T01:01:24+05:30
gali,2025-04-21,38,satta-king-fast,2026-09-26T01:01:24+05:30
disawar,2025-04-22,26,satta-king-fast,2026-09-26T01:01:24+05:30
faridabad,2025-04-22,3,satta-company+satta-king-fast+satta-xpress,2026-09-26T01:01:24+05:30
ghaziabad,2025-04-22,37,satta-king-fast,2026-09-26T01:01:24+05:30
gali,2025-04-22,53,satta-king-fast,2026-09-26T01:01:24+05:30
disawar,2025-04-23,33,satta-king-fast,2026-09-26T01:01:24+05:30
faridabad,2025-04-23,52,satta-company+satta-king-fast+satta-xpress,2026-09-26T01:01:24+05:30
ghaziabad,2025-04-23,89,satta-king-fast,2026-09-26T01:01:24+05:30
gali,2025-04-23,74,satta-king-fast,2026-09-26T01:01:24+05:30
disawar,2025-04-24,98,satta-king-fast,2026-09-26T01:01:24+05:30
faridabad,2025-04-24,1,satta-company+satta-king-fast+satta-xpress,2026-09-26T01:01:24+05:30
ghaziabad,2025-04-24,29,satta-king-fast,2026-09-26T01:01:24+05:30
gali,2025-04-24,23,satta-king-fast,2026-09-26T01:01:24+05:30
disawar,2025-04-25,91,satta-king-fast,2026-09-26T01:01:24+05:30
faridabad,2025-04-25,17,satta-company+satta-king-fast+satta-xpress,2026-09-26T01:01:24+05:30
ghaziabad,2025-04-25,76,satta-king-fast,2026-09-26T01:01:24+05:30
gali,2025-04-25,64,satta-king-fast,2026-09-26T01:01:24+05:30
disawar,2025-04-26,54,satta-king-fast,2026-09-26T01:01:24+05:30
faridabad,2025-04-26,90,satta-company+satta-king-fast+satta-xpress,2026-09-26T01:01:24+05:30
ghaziabad,2025-04-26,61,satta-king-fast,2026-09-26T01:01:24+05:30
gali,2025-04-26,91,satta-king-fast,2026-09-26T01:01:24+05:30
disawar,2025-04-27,26,satta-king-fast,2026-09-26T01:01:24+05:30
faridabad,2025-04-27,73,satta-company+satta-king-fast+satta-xpress,2026-09-26T01:01:24+05:30
ghaziabad,2025-04-27,51,satta-king-fast,2026-09-26T01:01:24+05:30
gali,2025-04-27,90,satta-king-fast,2026-09-26T01:01:24+05:30
disawar,2025-04-28,58,satta-king-fast,2026-09-26T01:01:24+05:30
faridabad,2025-04-28,65,satta-company+satta-king-fast+satta-xpress,2026-09-26T01:01:24+05:30
ghaziabad,2025-04-28,5,satta-king-fast,2026-09-26T01:01:24+05:30
gali,2025-04-28,94,satta-king-fast,2026-09-26T01:01:24+05:30
disawar,2025-04-29,36,satta-king-fast,2026-09-26T01:01:24+05:30
faridabad,2025-04-29,36,satta-company+satta-king-fast+satta-xpress,2026-09-26T01:01:24+05:30
ghaziabad,2025-04-29,63,satta-king-fast,2026-09-26T01:01:24+05:30
gali,2025-04-29,21,satta-king-fast,2026-09-26T01:01:24+05:30
disawar,2025-04-30,76,satta-king-fast,2026-09-26T01:01:24+05:30
faridabad,2025-05-01,26,satta-company+satta-king-fast+satta-xpress,2026-09-26T01:01:24+05:30
ghaziabad,2025-05-01,90,satta-king-fast,2026-09-26T01:01:24+05:30
gali,2025-05-01,55,satta-king-fast,2026-09-26T01:01:24+05:30
disawar,2025-05-02,45,satta-king-fast,2026-09-26T01:01:24+05:30
faridabad,2025-05-02,6,satta-company+satta-king-fast+satta-xpress,2026-09-26T01:01:24+05:30
ghaziabad,2025-05-02,6,satta-king-fast,2026-09-26T01:01:24+05:30
gali,2025-05-02,69,satta-king-fast,2026-09-26T01:01:24+05:30
disawar,2025-05-03,1,satta-king-fast,2026-09-26T01:01:24+05:30
faridabad,2025-05-03,62,satta-company+satta-king-fast+satta-xpress,2026-09-26T01:01:24+05:30
ghaziabad,2025-05-03,45,satta-king-fast,2026-09-26T01:01:24+05:30
gali,2025-05-03,12,satta-king-fast,2026-09-26T01:01:24+05:30
disawar,2025-05-04,61,satta-king-fast,2026-09-26T01:01:24+05:30
faridabad,2025-05-04,40,satta-company+satta-king-fast+satta-xpress,2026-09-26T01:01:24+05:30
ghaziabad,2025-05-04,88,satta-king-fast,2026-09-26T01:01:24+05:30
gali,2025-05-04,64,satta-king-fast,2026-09-26T01:01:24+05:30
disawar,2025-05-05,7,satta-king-fast,2026-09-26T01:01:24+05:30
faridabad,2025-05-05,90,satta-company+satta-king-fast+satta-xpress,2026-09-26T01:01:24+05:30
ghaziabad,2025-05-05,40,satta-king-fast,2026-09-26T01:01:24+05:30
gali,2025-05-05,46,satta-king-fast,2026-09-26T01:01:24+05:30
disawar,2025-05-06,18,satta-king-fast,2026-09-26T01:01:24+05:30
faridabad,2025-05-06,57,satta-company+satta-king-fast+satta-xpress,2026-09-26T01:01:24+05:30
ghaziabad,2025-05-06,27,satta-king-fast,2026-09-26T01:01:24+05:30
gali,2025-05-06,58,satta-king-fast,2026-09-26T01:01:24+05:30
disawar,2025-05-07,45,satta-king-fast,2026-09-26T01:01:24+05:30
faridabad,2025-05-07,30,satta-company+satta-xpress,2026-09-26T01:01:24+05:30
ghaziabad,2025-05-07,52,satta-king-fast,2026-09-26T01:01:24+05:30
gali,2025-05-07,87,satta-king-fast,2026-09-26T01:01:24+05:30
disawar,2025-05-08,34,satta-king-fast,2026-09-26T01:01:24+05:30
faridabad,2025-05-08,71,satta-company+satta-king-fast+satta-xpress,2026-09-26T01:01:24+05:30
ghaziabad,2025-05-08,65,satta-king-fast,2026-09-26T01:01:24+05:30
gali,2025-05-08,94,satta-king-fast,2026-09-26T01:01:24+05:30
disawar,2025-05-09,94,satta-king-fast,2026-09-26T01:01:24+05:30
faridabad,2025-05-09,64,satta-company+satta-king-fast+satta-xpress,2026-09-26T01:01:24+05:30
ghaziabad,2025-05-09,97,satta-king-fast,2026-09-26T01:01:24+05:30
gali,2025-05-09,72,satta-king-fast,2026-09-26T01:01:24+05:30
disawar,2025-05-10,79,satta-king-fast,2026-09-26T01:01:24+05:30
faridabad,2025-05-10,64,satta-company+satta-king-fast+satta-xpress,2026-09-26T01:01:24+05:30
ghaziabad,2025-05-10,57,satta-king-fast,2026-09-26T01:01:24+05:30
gali,2025-05-10,31,satta-king-fast,2026-09-26T01:01:24+05:30
disawar,2025-05-11,11,satta-king-fast,2026-09-26T01:01:24+05:30
faridabad,2025-05-11,79,satta-company+satta-king-fast+satta-xpress,2026-09-26T01:01:24+05:30
ghaziabad,2025-05-11,33,satta-king-fast,2026-09-26T01:01:24+05:30
gali,2025-05-11,71,satta-king-fast,2026-09-26T01:01:24+05:30
disawar,2025-05-12,41,satta-king-fast,2026-09-26T01:01:24+05:30
faridabad,2025-05-12,84,satta-company+satta-king-fast+satta-xpress,2026-09-26T01:01:24+05:30
ghaziabad,2025-05-12,79,satta-king-fast,2026-09-26T01:01:24+05:30
gali,2025-05-12,22,satta-king-fast,2026-09-26T01:01:24+05:30
disawar,2025-05-13,93,satta-king-fast,2026-09-26T01:01:24+05:30
faridabad,2025-05-13,82,satta-company+satta-king-fast+satta-xpress,2026-09-26T01:01:24+05:30
ghaziabad,2025-05-13,33,satta-king-fast,2026-09-26T01:01:24+05:30
gali,2025-05-13,84,satta-king-fast,2026-09-26T01:01:24+05:30
disawar,2025-05-14,88,satta-king-fast,2026-09-26T01:01:24+05:30
faridabad,2025-05-14,56,satta-company+satta-king-fast+satta-xpress,2026-09-26T01:01:24+05:30
ghaziabad,2025-05-14,27,satta-king-fast,2026-09-26T01:01:24+05:30
gali,2025-05-14,41,satta-king-fast,2026-09-26T01:01:24+05:30
disawar,2025-05-15,29,satta-king-fast,2026-09-26T01:01:24+05:30
faridabad,2025-05-15,39,satta-company+satta-king-fast+satta-xpress,2026-09-26T01:01:24+05:30
ghaziabad,2025-05-15,20,satta-king-fast,2026-09-26T01:01:24+05:30
gali,2025-05-15,72,satta-king-fast,2026-09-26T01:01:24+05:30
disawar,2025-05-16,33,satta-king-fast,2026-09-26T01:01:24+05:30
faridabad,2025-05-16,97,satta-company+satta-king-fast+satta-xpress,2026-09-26T01:01:24+05:30
ghaziabad,2025-05-16,9,satta-king-fast,2026-09-26T01:01:24+05:30
gali,2025-05-16,51,satta-king-fast,2026-09-26T01:01:24+05:30
disawar,2025-05-17,15,satta-king-fast,2026-09-26T01:01:24+05:30
faridabad,2025-05-17,32,satta-company+satta-king-fast+satta-xpress,2026-09-26T01:01:24+05:30
ghaziabad,2025-05-17,88,satta-king-fast,2026-09-26T01:01:24+05:30
gali,2025-05-17,28,satta-king-fast,2026-09-26T01:01:24+05:30
disawar,2025-05-18,59,satta-king-fast,2026-09-26T01:01:24+05:30
faridabad,2025-05-18,75,satta-company+satta-king-fast+satta-xpress,2026-09-26T01:01:24+05:30
ghaziabad,2025-05-18,34,satta-king-fast,2026-09-26T01:01:24+05:30
gali,2025-05-18,33,satta-king-fast,2026-09-26T01:01:24+05:30
disawar,2025-05-19,29,satta-king-fast,2026-09-26T01:01:24+05:30
faridabad,2025-05-19,78,satta-company+satta-king-fast+satta-xpress,2026-09-26T01:01:24+05:30
ghaziabad,2025-05-19,3,satta-king-fast,2026-09-26T01:01:24+05:30
gali,2025-05-19,74,satta-king-fast,2026-09-26T01:01:24+05:30
disawar,2025-05-20,21,satta-king-fast,2026-09-26T01:01:24+05:30
faridabad,2025-05-20,66,satta-company+satta-king-fast+satta-xpress,2026-09-26T01:01:24+05:30
ghaziabad,2025-05-20,82,satta-king-fast,2026-09-26T01:01:24+05:30
gali,2025-05-20,80,satta-king-fast,2026-09-26T01:01:24+05:30
disawar,2025-05-21,93,satta-king-fast,2026-09-26T01:01:24+05:30
faridabad,2025-05-21,44,satta-company+satta-king-fast+satta-xpress,2026-09-26T01:01:24+05:30
ghaziabad,2025-05-21,10,satta-king-fast,2026-09-26T01:01:24+05:30
gali,2025-05-21,14,satta-king-fast,2026-09-26T01:01:24+05:30
disawar,2025-05-22,20,satta-king-fast,2026-09-26T01:01:24+05:30
faridabad,2025-05-22,86,satta-company+satta-king-fast+satta-xpress,2026-09-26T01:01:24+05:30
ghaziabad,2025-05-22,36,satta-king-fast,2026-09-26T01:01:24+05:30
gali,2025-05-22,92,satta-king-fast,2026-09-26T01:01:24+05:30
disawar,2025-05-23,75,satta-king-fast,2026-09-26T01:01:24+05:30
faridabad,2025-05-23,44,satta-company+satta-king-fast+satta-xpress,2026-09-26T01:01:24+05:30
ghaziabad,2025-05-23,48,satta-king-fast,2026-09-26T01:01:24+05:30
gali,2025-05-23,47,satta-king-fast,2026-09-26T01:01:24+05:30
disawar,2025-05-24,16,satta-king-fast,2026-09-26T01:01:24+05:30
faridabad,2025-05-24,8,satta-company+satta-king-fast+satta-xpress,2026-09-26T01:01:24+05:30
ghaziabad,2025-05-24,61,satta-king-fast,2026-09-26T01:01:24+05:30
gali,2025-05-24,47,satta-king-fast,2026-09-26T01:01:24+05:30
disawar,2025-05-25,47,satta-king-fast,2026-09-26T01:01:24+05:30
faridabad,2025-05-25,37,satta-company+satta-king-fast+satta-xpress,2026-09-26T01:01:24+05:30
ghaziabad,2025-05-25,23,satta-king-fast,2026-09-26T01:01:24+05:30
gali,2025-05-25,57,satta-king-fast,2026-09-26T01:01:24+05:30
disawar,2025-05-26,22,satta-king-fast,2026-09-26T01:01:24+05:30
faridabad,2025-05-26,39,satta-company+satta-king-fast+satta-xpress,2026-09-26T01:01:24+05:30
ghaziabad,2025-05-26,51,satta-king-fast,2026-09-26T01:01:24+05:30
gali,2025-05-26,65,satta-king-fast,2026-09-26T01:01:24+05:30
disawar,2025-05-27,63,satta-king-fast,2026-09-26T01:01:24+05:30
faridabad,2025-05-27,99,satta-company+satta-king-fast+satta-xpress,2026-09-26T01:01:24+05:30
ghaziabad,2025-05-27,16,satta-king-fast,2026-09-26T01:01:24+05:30
gali,2025-05-27,23,satta-king-fast,2026-09-26T01:01:24+05:30
disawar,2025-05-28,70,satta-king-fast,2026-09-26T01:01:24+05:30
faridabad,2025-05-28,58,satta-company+satta-king-fast+satta-xpress,2026-09-26T01:01:24+05:30
ghaziabad,2025-05-28,99,satta-king-fast,2026-09-26T01:01:24+05:30
gali,2025-05-28,87,satta-king-fast,2026-09-26T01:01:24+05:30
disawar,2025-05-29,51,satta-king-fast,2026-09-26T01:01:24+05:30
faridabad,2025-05-29,2,satta-company+satta-king-fast+satta-xpress,2026-09-26T01:01:24+05:30
ghaziabad,2025-05-29,93,satta-king-fast,2026-09-26T01:01:24+05:30
gali,2025-05-29,91,satta-king-fast,2026-09-26T01:01:24+05:30
disawar,2025-05-30,46,satta-king-fast,2026-09-26T01:01:24+05:30
faridabad,2025-05-30,58,satta-company+satta-king-fast+satta-xpress,2026-09-26T01:01:24+05:30
ghaziabad,2025-05-30,91,satta-king-fast,2026-09-26T01:01:24+05:30
gali,2025-05-30,39,satta-king-fast,2026-09-26T01:01:24+05:30
disawar,2025-05-31,66,satta-king-fast,2026-09-26T01:01:24+05:30
faridabad,2025-06-01,83,satta-company+satta-king-fast+satta-xpress,2026-09-26T01:01:24+05:30
ghaziabad,2025-06-01,15,satta-king-fast,2026-09-26T01:01:24+05:30
gali,2025-06-01,27,satta-king-fast,2026-09-26T01:01:24+05:30
disawar,2025-06-02,28,satta-king-fast,2026-09-26T01:01:24+05:30
faridabad,2025-06-02,1,satta-company+satta-king-fast+satta-xpress,2026-09-26T01:01:24+05:30
ghaziabad,2025-06-02,71,satta-king-fast,2026-09-26T01:01:24+05:30
gali,2025-06-02,94,satta-king-fast,2026-09-26T01:01:24+05:30
disawar,2025-06-03,79,satta-king-fast,2026-09-26T01:01:24+05:30
faridabad,2025-06-03,7,satta-company+satta-king-fast+satta-xpress,2026-09-26T01:01:24+05:30
ghaziabad,2025-06-03,60,satta-king-fast,2026-09-26T01:01:24+05:30
gali,2025-06-03,17,satta-king-fast,2026-09-26T01:01:24+05:30
disawar,2025-06-04,9,satta-king-fast,2026-09-26T01:01:24+05:30
faridabad,2025-06-04,84,satta-company+satta-king-fast+satta-xpress,2026-09-26T01:01:24+05:30
ghaziabad,2025-06-04,74,satta-king-fast,2026-09-26T01:01:24+05:30
gali,2025-06-04,43,satta-king-fast,2026-09-26T01:01:24+05:30
disawar,2025-06-05,53,satta-king-fast,2026-09-26T01:01:24+05:30
faridabad,2025-06-05,18,satta-company+satta-king-fast+satta-xpress,2026-09-26T01:01:24+05:30
ghaziabad,2025-06-05,74,satta-king-fast,2026-09-26T01:01:24+05:30
gali,2025-06-05,92,satta-king-fast,2026-09-26T01:01:24+05:30
disawar,2025-06-06,48,satta-king-fast,2026-09-26T01:01:24+05:30
faridabad,2025-06-06,50,satta-company+satta-king-fast+satta-xpress,2026-09-26T01:01:24+05:30
ghaziabad,2025-06-06,30,satta-king-fast,2026-09-26T01:01:24+05:30
gali,2025-06-06,3,satta-king-fast,2026-09-26T01:01:24+05:30
disawar,2025-06-07,19,satta-king-fast,2026-09-26T01:01:24+05:30
faridabad,2025-06-07,85,satta-company+satta-king-fast+satta-xpress,2026-09-26T01:01:24+05:30
ghaziabad,2025-06-07,50,satta-king-fast,2026-09-26T01:01:24+05:30
gali,2025-06-07,46,satta-king-fast,2026-09-26T01:01:24+05:30
disawar,2025-06-08,93,satta-king-fast,2026-09-26T01:01:24+05:30
faridabad,2025-06-08,42,satta-company+satta-king-fast+satta-xpress,2026-09-26T01:01:24+05:30
ghaziabad,2025-06-08,60,satta-king-fast,2026-09-26T01:01:24+05:30
gali,2025-06-08,15,satta-king-fast,2026-09-26T01:01:24+05:30
disawar,2025-06-09,24,satta-king-fast,2026-09-26T01:01:24+05:30
faridabad,2025-06-09,59,satta-company+satta-king-fast+satta-xpress,2026-09-26T01:01:24+05:30
ghaziabad,2025-06-09,96,satta-king-fast,2026-09-26T01:01:24+05:30
gali,2025-06-09,32,satta-king-fast,2026-09-26T01:01:24+05:30
disawar,2025-06-10,9,satta-king-fast,2026-09-26T01:01:24+05:30
faridabad,2025-06-10,26,satta-company+satta-king-fast+satta-xpress,2026-09-26T01:01:24+05:30
ghaziabad,2025-06-10,95,satta-king-fast,2026-09-26T01:01:24+05:30
gali,2025-06-10,6,satta-king-fast,2026-09-26T01:01:24+05:30
disawar,2025-06-11,14,satta-king-fast,2026-09-26T01:01:24+05:30
faridabad,2025-06-11,68,satta-company+satta-king-fast+satta-xpress,2026-09-26T01:01:24+05:30
ghaziabad,2025-06-11,26,satta-king-fast,2026-09-26T01:01:24+05:30
gali,2025-06-11,91,satta-king-fast,2026-09-26T01:01:24+05:30
disawar,2025-06-12,48,satta-king-fast,2026-09-26T01:01:24+05:30
faridabad,2025-06-12,50,satta-company+satta-xpress,2026-09-26T01:01:24+05:30
ghaziabad,2025-06-12,50,satta-king-fast,2026-09-26T01:01:24+05:30
gali,2025-06-12,25,satta-king-fast,2026-09-26T01:01:24+05:30
disawar,2025-06-13,46,satta-king-fast,2026-09-26T01:01:24+05:30
faridabad,2025-06-13,6,satta-company+satta-xpress,2026-09-26T01:01:24+05:30
ghaziabad,2025-06-13,40,satta-king-fast,2026-09-26T01:01:24+05:30
gali,2025-06-13,56,satta-king-fast,2026-09-26T01:01:24+05:30
disawar,2025-06-14,9,satta-king-fast,2026-09-26T01:01:24+05:30
faridabad,2025-06-14,36,satta-company+satta-king-fast+satta-xpress,2026-09-26T01:01:24+05:30
ghaziabad,2025-06-14,31,satta-king-fast,2026-09-26T01:01:24+05:30
gali,2025-06-14,28,satta-king-fast,2026-09-26T01:01:24+05:30
disawar,2025-06-15,2,satta-king-fast,2026-09-26T01:01:24+05:30
faridabad,2025-06-15,50,satta-company+satta-king-fast+satta-xpress,2026-09-26T01:01:24+05:30
ghaziabad,2025-06-15,28,satta-king-fast,2026-09-26T01:01:24+05:30
gali,2025-06-15,50,satta-king-fast,2026-09-26T01:01:24+05:30
disawar,2025-06-16,33,satta-king-fast,2026-09-26T01:01:24+05:30
faridabad,2025-06-16,68,satta-company+satta-king-fast+satta-xpress,2026-09-26T01:01:24+05:30
ghaziabad,2025-06-16,39,satta-king-fast,2026-09-26T01:01:24+05:30
gali,2025-06-16,58,satta-king-fast,2026-09-26T01:01:24+05:30
disawar,2025-06-17,26,satta-king-fast,2026-09-26T01:01:24+05:30
faridabad,2025-06-17,72,satta-company+satta-king-fast+satta-xpress,2026-09-26T01:01:24+05:30
ghaziabad,2025-06-17,31,satta-king-fast,2026-09-26T01:01:24+05:30
gali,2025-06-17,31,satta-king-fast,2026-09-26T01:01:24+05:30
disawar,2025-06-18,25,satta-king-fast,2026-09-26T01:01:24+05:30
faridabad,2025-06-18,39,satta-company+satta-king-fast+satta-xpress,2026-09-26T01:01:24+05:30
ghaziabad,2025-06-18,63,satta-king-fast,2026-09-26T01:01:24+05:30
gali,2025-06-18,56,satta-king-fast,2026-09-26T01:01:24+05:30
disawar,2025-06-19,30,satta-king-fast,2026-09-26T01:01:24+05:30
faridabad,2025-06-19,17,satta-company+satta-king-fast+satta-xpress,2026-09-26T01:01:24+05:30
ghaziabad,2025-06-19,26,satta-king-fast,2026-09-26T01:01:24+05:30
gali,2025-06-19,59,satta-king-fast,2026-09-26T01:01:24+05:30
disawar,2025-06-20,2,satta-king-fast,2026-09-26T01:01:24+05:30
faridabad,2025-06-20,11,satta-company+satta-king-fast+satta-xpress,2026-09-26T01:01:24+05:30
ghaziabad,2025-06-20,32,satta-king-fast,2026-09-26T01:01:24+05:30
gali,2025-06-20,71,satta-king-fast,2026-09-26T01:01:24+05:30
disawar,2025-06-21,30,satta-king-fast,2026-09-26T01:01:24+05:30
faridabad,2025-06-21,58,satta-company+satta-king-fast+satta-xpress,2026-09-26T01:01:24+05:30
ghaziabad,2025-06-21,8,satta-king-fast,2026-09-26T01:01:24+05:30
gali,2025-06-21,87,satta-king-fast,2026-09-26T01:01:24+05:30
disawar,2025-06-22,68,satta-king-fast,2026-09-26T01:01:24+05:30
faridabad,2025-06-22,82,satta-company+satta-king-fast+satta-xpress,2026-09-26T01:01:24+05:30
ghaziabad,2025-06-22,51,satta-king-fast,2026-09-26T01:01:24+05:30
gali,2025-06-22,28,satta-king-fast,2026-09-26T01:01:24+05:30
disawar,2025-06-23,40,satta-king-fast,2026-09-26T01:01:24+05:30
faridabad,2025-06-23,66,satta-company+satta-king-fast+satta-xpress,2026-09-26T01:01:24+05:30
ghaziabad,2025-06-23,42,satta-king-fast,2026-09-26T01:01:24+05:30
gali,2025-06-23,92,satta-king-fast,2026-09-26T01:01:24+05:30
disawar,2025-06-24,37,satta-king-fast,2026-09-26T01:01:24+05:30
faridabad,2025-06-24,7,satta-company+satta-king-fast+satta-xpress,2026-09-26T01:01:24+05:30
ghaziabad,2025-06-24,90,satta-king-fast,2026-09-26T01:01:24+05:30
gali,2025-06-24,72,satta-king-fast,2026-09-26T01:01:24+05:30
disawar,2025-06-25,88,satta-king-fast,2026-09-26T01:01:24+05:30
faridabad,2025-06-25,79,satta-company+satta-king-fast+satta-xpress,2026-09-26T01:01:24+05:30
ghaziabad,2025-06-25,62,satta-king-fast,2026-09-26T01:01:24+05:30
gali,2025-06-25,24,satta-king-fast,2026-09-26T01:01:24+05:30
disawar,2025-06-26,87,satta-king-fast,2026-09-26T01:01:24+05:30
faridabad,2025-06-26,45,satta-company+satta-king-fast+satta-xpress,2026-09-26T01:01:24+05:30
ghaziabad,2025-06-26,28,satta-king-fast,2026-09-26T01:01:24+05:30
gali,2025-06-26,83,satta-king-fast,2026-09-26T01:01:24+05:30
disawar,2025-06-27,42,satta-king-fast,2026-09-26T01:01:24+05:30
faridabad,2025-06-27,87,satta-company+satta-king-fast+satta-xpress,2026-09-26T01:01:24+05:30
ghaziabad,2025-06-27,47,satta-king-fast,2026-09-26T01:01:24+05:30
gali,2025-06-27,62,satta-king-fast,2026-09-26T01:01:24+05:30
disawar,2025-06-28,41,satta-king-fast,2026-09-26T01:01:24+05:30
faridabad,2025-06-28,1,satta-company+satta-king-fast+satta-xpress,2026-09-26T01:01:24+05:30
ghaziabad,2025-06-28,50,satta-king-fast,2026-09-26T01:01:24+05:30
gali,2025-06-28,66,satta-king-fast,2026-09-26T01:01:24+05:30
disawar,2025-06-29,5,satta-king-fast,2026-09-26T01:01:24+05:30
faridabad,2025-06-29,47,satta-company+satta-king-fast+satta-xpress,2026-09-26T01:01:24+05:30
ghaziabad,2025-06-29,43,satta-king-fast,2026-09-26T01:01:24+05:30
gali,2025-06-29,63,satta-king-fast,2026-09-26T01:01:24+05:30
disawar,2025-06-30,52,satta-king-fast,2026-09-26T01:01:24+05:30
faridabad,2025-07-01,27,satta-company+satta-king-fast+satta-xpress,2026-09-26T01:01:24+05:30
ghaziabad,2025-07-01,54,satta-king-fast,2026-09-26T01:01:24+05:30
gali,2025-07-01,57,satta-king-fast,2026-09-26T01:01:24+05:30
disawar,2025-07-02,42,satta-king-fast,2026-09-26T01:01:24+05:30
faridabad,2025-07-02,11,satta-company+satta-king-fast+satta-xpress,2026-09-26T01:01:24+05:30
ghaziabad,2025-07-02,56,satta-king-fast,2026-09-26T01:01:24+05:30
gali,2025-07-02,23,satta-king-fast,2026-09-26T01:01:24+05:30
disawar,2025-07-03,73,satta-king-fast,2026-09-26T01:01:24+05:30
faridabad,2025-07-03,32,satta-company+satta-king-fast+satta-xpress,2026-09-26T01:01:24+05:30
ghaziabad,2025-07-03,27,satta-king-fast,2026-09-26T01:01:24+05:30
gali,2025-07-03,21,satta-king-fast,2026-09-26T01:01:24+05:30
disawar,2025-07-04,36,satta-king-fast,2026-09-26T01:01:24+05:30
faridabad,2025-07-04,77,satta-company+satta-king-fast+satta-xpress,2026-09-26T01:01:24+05:30
ghaziabad,2025-07-04,36,satta-king-fast,2026-09-26T01:01:24+05:30
gali,2025-07-04,1,satta-king-fast,2026-09-26T01:01:24+05:30
disawar,2025-07-05,88,satta-king-fast,2026-09-26T01:01:24+05:30
faridabad,2025-07-05,74,satta-company+satta-king-fast+satta-xpress,2026-09-26T01:01:24+05:30
ghaziabad,2025-07-05,56,satta-king-fast,2026-09-26T01:01:24+05:30
gali,2025-07-05,14,satta-king-fast,2026-09-26T01:01:24+05:30
disawar,2025-07-06,65,satta-king-fast,2026-09-26T01:01:24+05:30
faridabad,2025-07-06,56,satta-company+satta-king-fast+satta-xpress,2026-09-26T01:01:24+05:30
ghaziabad,2025-07-06,71,satta-king-fast,2026-09-26T01:01:24+05:30
gali,2025-07-06,91,satta-king-fast,2026-09-26T01:01:24+05:30
disawar,2025-07-07,15,satta-king-fast,2026-09-26T01:01:24+05:30
faridabad,2025-07-07,69,satta-company+satta-king-fast+satta-xpress,2026-09-26T01:01:24+05:30
ghaziabad,2025-07-07,38,satta-king-fast,2026-09-26T01:01:24+05:30
gali,2025-07-07,30,satta-king-fast,2026-09-26T01:01:24+05:30
disawar,2025-07-08,4,satta-king-fast,2026-09-26T01:01:24+05:30
faridabad,2025-07-08,29,satta-company+satta-king-fast+satta-xpress,2026-09-26T01:01:24+05:30
ghaziabad,2025-07-08,14,satta-king-fast,2026-09-26T01:01:24+05:30
gali,2025-07-08,8,satta-king-fast,2026-09-26T01:01:24+05:30
disawar,2025-07-09,85,satta-king-fast,2026-09-26T01:01:24+05:30
faridabad,2025-07-09,33,satta-company+satta-king-fast+satta-xpress,2026-09-26T01:01:24+05:30
ghaziabad,2025-07-09,24,satta-king-fast,2026-09-26T01:01:24+05:30
gali,2025-07-09,4,satta-king-fast,2026-09-26T01:01:24+05:30
disawar,2025-07-10,38,satta-king-fast,2026-09-26T01:01:24+05:30
faridabad,2025-07-10,40,satta-company+satta-king-fast+satta-xpress,2026-09-26T01:01:24+05:30
ghaziabad,2025-07-10,41,satta-king-fast,2026-09-26T01:01:24+05:30
gali,2025-07-10,7,satta-king-fast,2026-09-26T01:01:24+05:30
disawar,2025-07-11,51,satta-king-fast,2026-09-26T01:01:24+05:30
faridabad,2025-07-11,45,satta-company+satta-king-fast+satta-xpress,2026-09-26T01:01:24+05:30
ghaziabad,2025-07-11,88,satta-king-fast,2026-09-26T01:01:24+05:30
gali,2025-07-11,27,satta-king-fast,2026-09-26T01:01:24+05:30
disawar,2025-07-12,91,satta-king-fast,2026-09-26T01:01:24+05:30
faridabad,2025-07-12,22,satta-company+satta-king-fast+satta-xpress,2026-09-26T01:01:24+05:30
ghaziabad,2025-07-12,52,satta-king-fast,2026-09-26T01:01:24+05:30
gali,2025-07-12,80,satta-king-fast,2026-09-26T01:01:24+05:30
disawar,2025-07-13,8,satta-king-fast,2026-09-26T01:01:24+05:30
faridabad,2025-07-13,33,satta-company+satta-king-fast+satta-xpress,2026-09-26T01:01:24+05:30
ghaziabad,2025-07-13,68,satta-king-fast,2026-09-26T01:01:24+05:30
gali,2025-07-13,41,satta-king-fast,2026-09-26T01:01:24+05:30
disawar,2025-07-14,29,satta-king-fast,2026-09-26T01:01:24+05:30
faridabad,2025-07-14,3,satta-company+satta-king-fast+satta-xpress,2026-09-26T01:01:24+05:30
ghaziabad,2025-07-14,11,satta-king-fast,2026-09-26T01:01:24+05:30
gali,2025-07-14,28,satta-king-fast,2026-09-26T01:01:24+05:30
disawar,2025-07-15,24,satta-king-fast,2026-09-26T01:01:24+05:30
faridabad,2025-07-15,99,satta-company+satta-king-fast+satta-xpress,2026-09-26T01:01:24+05:30
ghaziabad,2025-07-15,94,satta-king-fast,2026-09-26T01:01:24+05:30
gali,2025-07-15,15,satta-king-fast,2026-09-26T01:01:24+05:30
disawar,2025-07-16,98,satta-king-fast,2026-09-26T01:01:24+05:30
faridabad,2025-07-16,57,satta-company+satta-king-fast+satta-xpress,2026-09-26T01:01:24+05:30
ghaziabad,2025-07-16,87,satta-king-fast,2026-09-26T01:01:24+05:30
gali,2025-07-16,84,satta-king-fast,2026-09-26T01:01:24+05:30
disawar,2025-07-17,55,satta-king-fast,2026-09-26T01:01:24+05:30
faridabad,2025-07-17,56,satta-company+satta-king-fast+satta-xpress,2026-09-26T01:01:24+05:30
ghaziabad,2025-07-17,99,satta-king-fast,2026-09-26T01:01:24+05:30
gali,2025-07-17,78,satta-king-fast,2026-09-26T01:01:24+05:30
disawar,2025-07-18,38,satta-king-fast,2026-09-26T01:01:24+05:30
faridabad,2025-07-18,52,satta-company+satta-king-fast+satta-xpress,2026-09-26T01:01:24+05:30
ghaziabad,2025-07-18,86,satta-king-fast,2026-09-26T01:01:24+05:30
gali,2025-07-18,9,satta-king-fast,2026-09-26T01:01:24+05:30
disawar,2025-07-19,67,satta-king-fast,2026-09-26T01:01:24+05:30
faridabad,2025-07-19,54,satta-company+satta-king-fast+satta-xpress,2026-09-26T01:01:24+05:30
ghaziabad,2025-07-19,71,satta-king-fast,2026-09-26T01:01:24+05:30
gali,2025-07-19,90,satta-king-fast,2026-09-26T01:01:24+05:30
disawar,2025-07-20,25,satta-king-fast,2026-09-26T01:01:24+05:30
faridabad,2025-07-20,42,satta-company+satta-king-fast+satta-xpress,2026-09-26T01:01:24+05:30
ghaziabad,2025-07-20,90,satta-king-fast,2026-09-26T01:01:24+05:30
gali,2025-07-20,39,satta-king-fast,2026-09-26T01:01:24+05:30
disawar,2025-07-21,84,satta-king-fast,2026-09-26T01:01:24+05:30
faridabad,2025-07-21,77,satta-company+satta-king-fast+satta-xpress,2026-09-26T01:01:24+05:30
ghaziabad,2025-07-21,96,satta-king-fast,2026-09-26T01:01:24+05:30
gali,2025-07-21,95,satta-king-fast,2026-09-26T01:01:24+05:30
disawar,2025-07-22,63,satta-king-fast,2026-09-26T01:01:24+05:30
faridabad,2025-07-22,92,satta-company+satta-king-fast+satta-xpress,2026-09-26T01:01:24+05:30
ghaziabad,2025-07-22,15,satta-king-fast,2026-09-26T01:01:24+05:30
gali,2025-07-22,96,satta-king-fast,2026-09-26T01:01:24+05:30
disawar,2025-07-23,25,satta-king-fast,2026-09-26T01:01:24+05:30
faridabad,2025-07-23,77,satta-company+satta-king-fast+satta-xpress,2026-09-26T01:01:24+05:30
ghaziabad,2025-07-23,20,satta-king-fast,2026-09-26T01:01:24+05:30
gali,2025-07-23,96,satta-king-fast,2026-09-26T01:01:24+05:30
disawar,2025-07-24,55,satta-king-fast,2026-09-26T01:01:24+05:30
faridabad,2025-07-24,20,satta-company+satta-king-fast+satta-xpress,2026-09-26T01:01:24+05:30
ghaziabad,2025-07-24,64,satta-king-fast,2026-09-26T01:01:24+05:30
gali,2025-07-24,37,satta-king-fast,2026-09-26T01:01:24+05:30
disawar,2025-07-25,18,satta-king-fast,2026-09-26T01:01:24+05:30
faridabad,2025-07-25,21,satta-company+satta-king-fast+satta-xpress,2026-09-26T01:01:24+05:30
ghaziabad,2025-07-25,23,satta-king-fast,2026-09-26T01:01:24+05:30
gali,2025-07-25,13,satta-king-fast,2026-09-26T01:01:24+05:30
disawar,2025-07-26,14,satta-king-fast,2026-09-26T01:01:24+05:30
faridabad,2025-07-26,80,satta-company+satta-king-fast+satta-xpress,2026-09-26T01:01:24+05:30
ghaziabad,2025-07-26,73,satta-king-fast,2026-09-26T01:01:24+05:30
gali,2025-07-26,80,satta-king-fast,2026-09-26T01:01:24+05:30
disawar,2025-07-27,21,satta-king-fast,2026-09-26T01:01:24+05:30
faridabad,2025-07-27,24,satta-company+satta-king-fast+satta-xpress,2026-09-26T01:01:24+05:30
ghaziabad,2025-07-27,20,satta-king-fast,2026-09-26T01:01:24+05:30
gali,2025-07-27,11,satta-king-fast,2026-09-26T01:01:24+05:30
disawar,2025-07-28,67,satta-king-fast,2026-09-26T01:01:24+05:30
faridabad,2025-07-28,59,satta-company+satta-king-fast+satta-xpress,2026-09-26T01:01:24+05:30
ghaziabad,2025-07-28,29,satta-king-fast,2026-09-26T01:01:24+05:30
gali,2025-07-28,57,satta-king-fast,2026-09-26T01:01:24+05:30
disawar,2025-07-29,96,satta-king-fast,2026-09-26T01:01:24+05:30
faridabad,2025-07-29,10,satta-company+satta-king-fast+satta-xpress,2026-09-26T01:01:24+05:30
ghaziabad,2025-07-29,86,satta-king-fast,2026-09-26T01:01:24+05:30
gali,2025-07-29,81,satta-king-fast,2026-09-26T01:01:24+05:30
disawar,2025-07-30,71,satta-king-fast,2026-09-26T01:01:24+05:30
faridabad,2025-07-30,6,satta-company+satta-king-fast+satta-xpress,2026-09-26T01:01:24+05:30
ghaziabad,2025-07-30,40,satta-king-fast,2026-09-26T01:01:24+05:30
gali,2025-07-30,17,satta-king-fast,2026-09-26T01:01:24+05:30
disawar,2025-07-31,96,satta-king-fast,2026-09-26T01:01:24+05:30
faridabad,2025-08-01,23,satta-company+satta-king-fast+satta-xpress,2026-09-26T01:01:24+05:30
ghaziabad,2025-08-01,88,satta-king-fast,2026-09-26T01:01:24+05:30
gali,2025-08-01,13,satta-king-fast,2026-09-26T01:01:24+05:30
disawar,2025-08-02,68,satta-king-fast,2026-09-26T01:01:24+05:30
faridabad,2025-08-02,80,satta-company+satta-king-fast+satta-xpress,2026-09-26T01:01:24+05:30
ghaziabad,2025-08-02,98,satta-king-fast,2026-09-26T01:01:24+05:30
gali,2025-08-02,71,satta-king-fast,2026-09-26T01:01:24+05:30
disawar,2025-08-03,56,satta-king-fast,2026-09-26T01:01:24+05:30
faridabad,2025-08-03,0,satta-king-fast,2026-09-26T01:01:24+05:30
ghaziabad,2025-08-03,64,satta-king-fast,2026-09-26T01:01:24+05:30
gali,2025-08-03,59,satta-king-fast,2026-09-26T01:01:24+05:30
disawar,2025-08-04,92,satta-king-fast,2026-09-26T01:01:24+05:30
faridabad,2025-08-04,22,satta-company+satta-king-fast+satta-xpress,2026-09-26T01:01:24+05:30
ghaziabad,2025-08-04,61,satta-king-fast,2026-09-26T01:01:24+05:30
gali,2025-08-04,22,satta-king-fast,2026-09-26T01:01:24+05:30
disawar,2025-08-05,56,satta-king-fast,2026-09-26T01:01:24+05:30
faridabad,2025-08-05,14,satta-company+satta-king-fast+satta-xpress,2026-09-26T01:01:24+05:30
ghaziabad,2025-08-05,82,satta-king-fast,2026-09-26T01:01:24+05:30
gali,2025-08-05,28,satta-king-fast,2026-09-26T01:01:24+05:30
disawar,2025-08-06,85,satta-king-fast,2026-09-26T01:01:24+05:30
faridabad,2025-08-06,66,satta-company+satta-king-fast+satta-xpress,2026-09-26T01:01:24+05:30
ghaziabad,2025-08-06,89,satta-king-fast,2026-09-26T01:01:24+05:30
gali,2025-08-06,45,satta-king-fast,2026-09-26T01:01:24+05:30
disawar,2025-08-07,21,satta-king-fast,2026-09-26T01:01:24+05:30
faridabad,2025-08-07,71,satta-company+satta-king-fast+satta-xpress,2026-09-26T01:01:24+05:30
ghaziabad,2025-08-07,83,satta-king-fast,2026-09-26T01:01:24+05:30
gali,2025-08-07,99,satta-king-fast,2026-09-26T01:01:24+05:30
disawar,2025-08-08,89,satta-king-fast,2026-09-26T01:01:24+05:30
faridabad,2025-08-08,14,satta-company+satta-king-fast+satta-xpress,2026-09-26T01:01:24+05:30
ghaziabad,2025-08-08,79,satta-king-fast,2026-09-26T01:01:24+05:30
gali,2025-08-08,87,satta-king-fast,2026-09-26T01:01:24+05:30
disawar,2025-08-09,61,satta-king-fast,2026-09-26T01:01:24+05:30
faridabad,2025-08-09,84,satta-company+satta-king-fast+satta-xpress,2026-09-26T01:01:24+05:30
ghaziabad,2025-08-09,98,satta-king-fast,2026-09-26T01:01:24+05:30
gali,2025-08-09,82,satta-king-fast,2026-09-26T01:01:24+05:30
disawar,2025-08-10,31,satta-king-fast,2026-09-26T01:01:24+05:30
faridabad,2025-08-10,26,satta-company+satta-king-fast+satta-xpress,2026-09-26T01:01:24+05:30
ghaziabad,2025-08-10,43,satta-king-fast,2026-09-26T01:01:24+05:30
gali,2025-08-10,57,satta-king-fast,2026-09-26T01:01:24+05:30
disawar,2025-08-11,57,satta-king-fast,2026-09-26T01:01:24+05:30
faridabad,2025-08-11,37,satta-company+satta-king-fast+satta-xpress,2026-09-26T01:01:24+05:30
ghaziabad,2025-08-11,89,satta-king-fast,2026-09-26T01:01:24+05:30
gali,2025-08-11,36,satta-king-fast,2026-09-26T01:01:24+05:30
disawar,2025-08-12,87,satta-king-fast,2026-09-26T01:01:24+05:30
faridabad,2025-08-12,12,satta-company+satta-king-fast+satta-xpress,2026-09-26T01:01:24+05:30
ghaziabad,2025-08-12,81,satta-king-fast,2026-09-26T01:01:24+05:30
gali,2025-08-12,32,satta-king-fast,2026-09-26T01:01:24+05:30
disawar,2025-08-13,1,satta-king-fast,2026-09-26T01:01:24+05:30
faridabad,2025-08-13,73,satta-company+satta-king-fast+satta-xpress,2026-09-26T01:01:24+05:30
ghaziabad,2025-08-13,18,satta-king-fast,2026-09-26T01:01:24+05:30
gali,2025-08-13,83,satta-king-fast,2026-09-26T01:01:24+05:30
disawar,2025-08-14,27,satta-king-fast,2026-09-26T01:01:24+05:30
faridabad,2025-08-14,62,satta-company+satta-king-fast+satta-xpress,2026-09-26T01:01:24+05:30
ghaziabad,2025-08-14,37,satta-king-fast,2026-09-26T01:01:24+05:30
gali,2025-08-14,46,satta-king-fast,2026-09-26T01:01:24+05:30
disawar,2025-08-15,75,satta-king-fast,2026-09-26T01:01:24+05:30
faridabad,2025-08-15,1,satta-company+satta-king-fast+satta-xpress,2026-09-26T01:01:24+05:30
ghaziabad,2025-08-15,71,satta-king-fast,2026-09-26T01:01:24+05:30
gali,2025-08-15,64,satta-king-fast,2026-09-26T01:01:24+05:30
disawar,2025-08-16,80,satta-king-fast,2026-09-26T01:01:24+05:30
faridabad,2025-08-16,63,satta-company+satta-king-fast+satta-xpress,2026-09-26T01:01:24+05:30
ghaziabad,2025-08-16,29,satta-king-fast,2026-09-26T01:01:24+05:30
gali,2025-08-16,48,satta-king-fast,2026-09-26T01:01:24+05:30
disawar,2025-08-17,18,satta-king-fast,2026-09-26T01:01:24+05:30
faridabad,2025-08-17,11,satta-company+satta-king-fast+satta-xpress,2026-09-26T01:01:24+05:30
ghaziabad,2025-08-17,61,satta-king-fast,2026-09-26T01:01:24+05:30
gali,2025-08-17,32,satta-king-fast,2026-09-26T01:01:24+05:30
disawar,2025-08-18,3,satta-king-fast,2026-09-26T01:01:24+05:30
faridabad,2025-08-18,0,satta-company+satta-king-fast+satta-xpress,2026-09-26T01:01:24+05:30
ghaziabad,2025-08-18,28,satta-king-fast,2026-09-26T01:01:24+05:30
gali,2025-08-18,44,satta-king-fast,2026-09-26T01:01:24+05:30
disawar,2025-08-19,38,satta-king-fast,2026-09-26T01:01:24+05:30
faridabad,2025-08-19,60,satta-company+satta-king-fast+satta-xpress,2026-09-26T01:01:24+05:30
ghaziabad,2025-08-19,20,satta-king-fast,2026-09-26T01:01:24+05:30
gali,2025-08-19,72,satta-king-fast,2026-09-26T01:01:24+05:30
disawar,2025-08-20,70,satta-king-fast,2026-09-26T01:01:24+05:30
faridabad,2025-08-20,28,satta-company+satta-king-fast+satta-xpress,2026-09-26T01:01:24+05:30
ghaziabad,2025-08-20,77,satta-king-fast,2026-09-26T01:01:24+05:30
gali,2025-08-20,11,satta-king-fast,2026-09-26T01:01:24+05:30
disawar,2025-08-21,81,satta-king-fast,2026-09-26T01:01:24+05:30
faridabad,2025-08-21,14,satta-company+satta-king-fast+satta-xpress,2026-09-26T01:01:24+05:30
ghaziabad,2025-08-21,44,satta-king-fast,2026-09-26T01:01:24+05:30
gali,2025-08-21,95,satta-king-fast,2026-09-26T01:01:24+05:30
disawar,2025-08-22,84,satta-king-fast,2026-09-26T01:01:24+05:30
faridabad,2025-08-22,1,satta-company+satta-king-fast+satta-xpress,2026-09-26T01:01:24+05:30
ghaziabad,2025-08-22,70,satta-king-fast,2026-09-26T01:01:24+05:30
gali,2025-08-22,34,satta-king-fast,2026-09-26T01:01:24+05:30
disawar,2025-08-23,15,satta-king-fast,2026-09-26T01:01:24+05:30
faridabad,2025-08-23,84,satta-company+satta-king-fast+satta-xpress,2026-09-26T01:01:24+05:30
ghaziabad,2025-08-23,51,satta-king-fast,2026-09-26T01:01:24+05:30
gali,2025-08-23,28,satta-king-fast,2026-09-26T01:01:24+05:30
disawar,2025-08-24,43,satta-king-fast,2026-09-26T01:01:24+05:30
faridabad,2025-08-24,49,satta-company+satta-king-fast+satta-xpress,2026-09-26T01:01:24+05:30
ghaziabad,2025-08-24,96,satta-king-fast,2026-09-26T01:01:24+05:30
gali,2025-08-24,29,satta-king-fast,2026-09-26T01:01:24+05:30
disawar,2025-08-25,34,satta-king-fast,2026-09-26T01:01:24+05:30
faridabad,2025-08-25,58,satta-company+satta-king-fast+satta-xpress,2026-09-26T01:01:24+05:30
ghaziabad,2025-08-25,81,satta-king-fast,2026-09-26T01:01:24+05:30
gali,2025-08-25,94,satta-king-fast,2026-09-26T01:01:24+05:30
disawar,2025-08-26,6,satta-king-fast,2026-09-26T01:01:24+05:30
faridabad,2025-08-26,9,satta-company+satta-king-fast+satta-xpress,2026-09-26T01:01:24+05:30
ghaziabad,2025-08-26,59,satta-king-fast,2026-09-26T01:01:24+05:30
gali,2025-08-26,7,satta-king-fast,2026-09-26T01:01:24+05:30
disawar,2025-08-27,80,satta-king-fast,2026-09-26T01:01:24+05:30
faridabad,2025-08-27,26,satta-company+satta-king-fast+satta-xpress,2026-09-26T01:01:24+05:30
ghaziabad,2025-08-27,15,satta-king-fast,2026-09-26T01:01:24+05:30
gali,2025-08-27,69,satta-king-fast,2026-09-26T01:01:24+05:30
disawar,2025-08-28,78,satta-king-fast,2026-09-26T01:01:24+05:30
faridabad,2025-08-28,44,satta-company+satta-king-fast+satta-xpress,2026-09-26T01:01:24+05:30
ghaziabad,2025-08-28,11,satta-king-fast,2026-09-26T01:01:24+05:30
gali,2025-08-28,55,satta-king-fast,2026-09-26T01:01:24+05:30
disawar,2025-08-29,51,satta-king-fast,2026-09-26T01:01:24+05:30
faridabad,2025-08-29,67,satta-company+satta-king-fast+satta-xpress,2026-09-26T01:01:24+05:30
ghaziabad,2025-08-29,69,satta-king-fast,2026-09-26T01:01:24+05:30
gali,2025-08-29,49,satta-king-fast,2026-09-26T01:01:24+05:30
disawar,2025-08-30,32,satta-king-fast,2026-09-26T01:01:24+05:30
faridabad,2025-08-30,64,satta-company+satta-king-fast+satta-xpress,2026-09-26T01:01:24+05:30
ghaziabad,2025-08-30,90,satta-king-fast,2026-09-26T01:01:24+05:30
gali,2025-08-30,84,satta-king-fast,2026-09-26T01:01:24+05:30
disawar,2025-08-31,89,satta-king-fast,2026-09-26T01:01:24+05:30
faridabad,2025-09-01,70,satta-company+satta-king-fast+satta-xpress,2026-09-26T01:01:24+05:30
ghaziabad,2025-09-01,46,satta-king-fast,2026-09-26T01:01:24+05:30
gali,2025-09-01,68,satta-king-fast,2026-09-26T01:01:24+05:30
disawar,2025-09-02,66,satta-king-fast,2026-09-26T01:01:24+05:30
faridabad,2025-09-02,0,satta-company+satta-king-fast+satta-xpress,2026-09-26T01:01:24+05:30
ghaziabad,2025-09-02,57,satta-king-fast,2026-09-26T01:01:24+05:30
gali,2025-09-02,57,satta-king-fast,2026-09-26T01:01:24+05:30
disawar,2025-09-03,70,satta-king-fast,2026-09-26T01:01:24+05:30
faridabad,2025-09-03,88,satta-company+satta-king-fast+satta-xpress,2026-09-26T01:01:24+05:30
ghaziabad,2025-09-03,94,satta-king-fast,2026-09-26T01:01:24+05:30
gali,2025-09-03,72,satta-king-fast,2026-09-26T01:01:24+05:30
disawar,2025-09-04,73,satta-king-fast,2026-09-26T01:01:24+05:30
faridabad,2025-09-04,0,satta-company+satta-king-fast+satta-xpress,2026-09-26T01:01:24+05:30
ghaziabad,2025-09-04,52,satta-king-fast,2026-09-26T01:01:24+05:30
gali,2025-09-04,54,satta-king-fast,2026-09-26T01:01:24+05:30
disawar,2025-09-05,72,satta-king-fast,2026-09-26T01:01:24+05:30
faridabad,2025-09-05,52,satta-company+satta-king-fast+satta-xpress,2026-09-26T01:01:24+05:30
ghaziabad,2025-09-05,67,satta-king-fast,2026-09-26T01:01:24+05:30
gali,2025-09-05,41,satta-king-fast,2026-09-26T01:01:24+05:30
disawar,2025-09-06,4,satta-king-fast,2026-09-26T01:01:24+05:30
faridabad,2025-09-06,82,satta-company+satta-king-fast+satta-xpress,2026-09-26T01:01:24+05:30
ghaziabad,2025-09-06,49,satta-king-fast,2026-09-26T01:01:24+05:30
gali,2025-09-06,73,satta-king-fast,2026-09-26T01:01:24+05:30
disawar,2025-09-07,96,satta-king-fast,2026-09-26T01:01:24+05:30
faridabad,2025-09-07,83,satta-company+satta-king-fast+satta-xpress,2026-09-26T01:01:24+05:30
ghaziabad,2025-09-07,14,satta-king-fast,2026-09-26T01:01:24+05:30
gali,2025-09-07,21,satta-king-fast,2026-09-26T01:01:24+05:30
disawar,2025-09-08,64,satta-king-fast,2026-09-26T01:01:24+05:30
faridabad,2025-09-08,3,satta-company+satta-king-fast+satta-xpress,2026-09-26T01:01:24+05:30
ghaziabad,2025-09-08,57,satta-king-fast,2026-09-26T01:01:24+05:30
gali,2025-09-08,64,satta-king-fast,2026-09-26T01:01:24+05:30
disawar,2025-09-09,3,satta-king-fast,2026-09-26T01:01:24+05:30
faridabad,2025-09-09,96,satta-company+satta-king-fast+satta-xpress,2026-09-26T01:01:24+05:30
ghaziabad,2025-09-09,49,satta-king-fast,2026-09-26T01:01:24+05:30
gali,2025-09-09,40,satta-king-fast,2026-09-26T01:01:24+05:30
disawar,2025-09-10,48,satta-king-fast,2026-09-26T01:01:24+05:30
faridabad,2025-09-10,8,satta-company+satta-king-fast+satta-xpress,2026-09-26T01:01:24+05:30
ghaziabad,2025-09-10,93,satta-king-fast,2026-09-26T01:01:24+05:30
gali,2025-09-10,26,satta-king-fast,2026-09-26T01:01:24+05:30
disawar,2025-09-11,36,satta-king-fast,2026-09-26T01:01:24+05:30
faridabad,2025-09-11,13,satta-company+satta-king-fast+satta-xpress,2026-09-26T01:01:24+05:30
ghaziabad,2025-09-11,34,satta-king-fast,2026-09-26T01:01:24+05:30
gali,2025-09-11,95,satta-king-fast,2026-09-26T01:01:24+05:30
disawar,2025-09-12,23,satta-king-fast,2026-09-26T01:01:24+05:30
faridabad,2025-09-12,78,satta-company+satta-king-fast+satta-xpress,2026-09-26T01:01:24+05:30
ghaziabad,2025-09-12,85,satta-king-fast,2026-09-26T01:01:24+05:30
gali,2025-09-12,23,satta-king-fast,2026-09-26T01:01:24+05:30
disawar,2025-09-13,93,satta-king-fast,2026-09-26T01:01:24+05:30
faridabad,2025-09-13,41,satta-company+satta-king-fast+satta-xpress,2026-09-26T01:01:24+05:30
ghaziabad,2025-09-13,1,satta-king-fast,2026-09-26T01:01:24+05:30
gali,2025-09-13,81,satta-king-fast,2026-09-26T01:01:24+05:30
disawar,2025-09-14,5,satta-king-fast,2026-09-26T01:01:24+05:30
faridabad,2025-09-14,40,satta-company+satta-king-fast+satta-xpress,2026-09-26T01:01:24+05:30
ghaziabad,2025-09-14,67,satta-king-fast,2026-09-26T01:01:24+05:30
gali,2025-09-14,67,satta-king-fast,2026-09-26T01:01:24+05:30
disawar,2025-09-15,87,satta-king-fast,2026-09-26T01:01:24+05:30
faridabad,2025-09-15,12,satta-company+satta-king-fast+satta-xpress,2026-09-26T01:01:24+05:30
ghaziabad,2025-09-15,0,satta-king-fast,2026-09-26T01:01:24+05:30
gali,2025-09-15,87,satta-king-fast,2026-09-26T01:01:24+05:30
disawar,2025-09-16,73,satta-king-fast,2026-09-26T01:01:24+05:30
faridabad,2025-09-16,90,satta-company+satta-king-fast+satta-xpress,2026-09-26T01:01:24+05:30
ghaziabad,2025-09-16,23,satta-king-fast,2026-09-26T01:01:24+05:30
gali,2025-09-16,14,satta-king-fast,2026-09-26T01:01:24+05:30
disawar,2025-09-17,63,satta-king-fast,2026-09-26T01:01:24+05:30
faridabad,2025-09-17,41,satta-company+satta-king-fast+satta-xpress,2026-09-26T01:01:24+05:30
ghaziabad,2025-09-17,14,satta-king-fast,2026-09-26T01:01:24+05:30
gali,2025-09-17,30,satta-king-fast,2026-09-26T01:01:24+05:30
disawar,2025-09-18,9,satta-king-fast,2026-09-26T01:01:24+05:30
faridabad,2025-09-18,33,satta-company+satta-king-fast+satta-xpress,2026-09-26T01:01:24+05:30
ghaziabad,2025-09-18,14,satta-king-fast,2026-09-26T01:01:24+05:30
gali,2025-09-18,95,satta-king-fast,2026-09-26T01:01:24+05:30
disawar,2025-09-19,71,satta-king-fast,2026-09-26T01:01:24+05:30
faridabad,2025-09-19,94,satta-company+satta-king-fast+satta-xpress,2026-09-26T01:01:24+05:30
ghaziabad,2025-09-19,66,satta-king-fast,2026-09-26T01:01:24+05:30
gali,2025-09-19,64,satta-king-fast,2026-09-26T01:01:24+05:30
disawar,2025-09-20,36,satta-king-fast,2026-09-26T01:01:24+05:30
faridabad,2025-09-20,19,satta-company+satta-king-fast+satta-xpress,2026-09-26T01:01:24+05:30
ghaziabad,2025-09-20,53,satta-king-fast,2026-09-26T01:01:24+05:30
gali,2025-09-20,40,satta-king-fast,2026-09-26T01:01:24+05:30
disawar,2025-09-21,24,satta-king-fast,2026-09-26T01:01:24+05:30
faridabad,2025-09-21,8,satta-company+satta-king-fast+satta-xpress,2026-09-26T01:01:24+05:30
ghaziabad,2025-09-21,97,satta-king-fast,2026-09-26T01:01:24+05:30
gali,2025-09-21,54,satta-king-fast,2026-09-26T01:01:24+05:30
disawar,2025-09-22,70,satta-king-fast,2026-09-26T01:01:24+05:30
faridabad,2025-09-22,55,satta-company+satta-king-fast+satta-xpress,2026-09-26T01:01:24+05:30
ghaziabad,2025-09-22,38,satta-king-fast,2026-09-26T01:01:24+05:30
gali,2025-09-22,31,satta-king-fast,2026-09-26T01:01:24+05:30
disawar,2025-09-23,42,satta-king-fast,2026-09-26T01:01:24+05:30
faridabad,2025-09-23,64,satta-company+satta-king-fast+satta-xpress,2026-09-26T01:01:24+05:30
ghaziabad,2025-09-23,38,satta-king-fast,2026-09-26T01:01:24+05:30
gali,2025-09-23,95,satta-king-fast,2026-09-26T01:01:24+05:30
disawar,2025-09-24,63,satta-king-fast,2026-09-26T01:01:24+05:30
faridabad,2025-09-24,44,satta-company+satta-king-fast+satta-xpress,2026-09-26T01:01:24+05:30
ghaziabad,2025-09-24,63,satta-king-fast,2026-09-26T01:01:24+05:30
gali,2025-09-24,0,satta-king-fast,2026-09-26T01:01:24+05:30
disawar,2025-09-25,62,satta-king-fast,2026-09-26T01:01:24+05:30
faridabad,2025-09-25,10,satta-company+satta-king-fast+satta-xpress,2026-09-26T01:01:24+05:30
ghaziabad,2025-09-25,13,satta-king-fast,2026-09-26T01:01:24+05:30
gali,2025-09-25,82,satta-king-fast,2026-09-26T01:01:24+05:30
disawar,2025-09-26,48,satta-king-fast,2026-09-26T01:01:24+05:30
faridabad,2025-09-26,91,satta-company+satta-king-fast+satta-xpress,2026-09-26T01:01:24+05:30
ghaziabad,2025-09-26,64,satta-king-fast,2026-09-26T01:01:24+05:30
gali,2025-09-26,42,satta-king-fast,2026-09-26T01:01:24+05:30
disawar,2025-09-27,96,satta-king-fast,2026-09-26T01:01:24+05:30
faridabad,2025-09-27,60,satta-company+satta-king-fast+satta-xpress,2026-09-26T01:01:24+05:30
ghaziabad,2025-09-27,93,satta-king-fast,2026-09-26T01:01:24+05:30
gali,2025-09-27,19,satta-king-fast,2026-09-26T01:01:24+05:30
disawar,2025-09-28,84,satta-king-fast,2026-09-26T01:01:24+05:30
faridabad,2025-09-28,58,satta-company+satta-king-fast+satta-xpress,2026-09-26T01:01:24+05:30
ghaziabad,2025-09-28,52,satta-king-fast,2026-09-26T01:01:24+05:30
gali,2025-09-28,63,satta-king-fast,2026-09-26T01:01:24+05:30
disawar,2025-09-29,48,satta-king-fast,2026-09-26T01:01:24+05:30
faridabad,2025-09-29,57,satta-company+satta-king-fast+satta-xpress,2026-09-26T01:01:24+05:30
ghaziabad,2025-09-29,10,satta-king-fast,2026-09-26T01:01:24+05:30
gali,2025-09-29,95,satta-king-fast,2026-09-26T01:01:24+05:30
disawar,2025-09-30,17,satta-king-fast,2026-09-26T01:01:24+05:30
faridabad,2025-10-01,54,satta-company+satta-king-fast+satta-xpress,2026-09-26T01:01:24+05:30
ghaziabad,2025-10-01,59,satta-king-fast,2026-09-26T01:01:24+05:30
gali,2025-10-01,56,satta-king-fast,2026-09-26T01:01:24+05:30
disawar,2025-10-02,41,satta-king-fast,2026-09-26T01:01:24+05:30
faridabad,2025-10-02,63,satta-company+satta-king-fast+satta-xpress,2026-09-26T01:01:24+05:30
ghaziabad,2025-10-02,58,satta-king-fast,2026-09-26T01:01:24+05:30
gali,2025-10-02,70,satta-king-fast,2026-09-26T01:01:24+05:30
disawar,2025-10-03,96,satta-king-fast,2026-09-26T01:01:24+05:30
faridabad,2025-10-03,31,satta-company+satta-king-fast+satta-xpress,2026-09-26T01:01:24+05:30
ghaziabad,2025-10-03,42,satta-king-fast,2026-09-26T01:01:24+05:30
gali,2025-10-03,39,satta-king-fast,2026-09-26T01:01:24+05:30
disawar,2025-10-04,87,satta-king-fast,2026-09-26T01:01:24+05:30
faridabad,2025-10-04,26,satta-company+satta-king-fast+satta-xpress,2026-09-26T01:01:24+05:30
ghaziabad,2025-10-04,8,satta-king-fast,2026-09-26T01:01:24+05:30
gali,2025-10-04,6,satta-king-fast,2026-09-26T01:01:24+05:30
disawar,2025-10-05,62,satta-king-fast,2026-09-26T01:01:24+05:30
faridabad,2025-10-05,43,satta-company+satta-king-fast+satta-xpress,2026-09-26T01:01:24+05:30
ghaziabad,2025-10-05,39,satta-king-fast,2026-09-26T01:01:24+05:30
gali,2025-10-05,79,satta-king-fast,2026-09-26T01:01:24+05:30
disawar,2025-10-06,55,satta-king-fast,2026-09-26T01:01:24+05:30
faridabad,2025-10-06,4,satta-company+satta-king-fast+satta-xpress,2026-09-26T01:01:24+05:30
ghaziabad,2025-10-06,85,satta-king-fast,2026-09-26T01:01:24+05:30
gali,2025-10-06,94,satta-king-fast,2026-09-26T01:01:24+05:30
disawar,2025-10-07,25,satta-king-fast,2026-09-26T01:01:24+05:30
faridabad,2025-10-07,84,satta-company+satta-king-fast+satta-xpress,2026-09-26T01:01:24+05:30
ghaziabad,2025-10-07,52,satta-king-fast,2026-09-26T01:01:24+05:30
gali,2025-10-07,72,satta-king-fast,2026-09-26T01:01:24+05:30
disawar,2025-10-08,45,satta-king-fast,2026-09-26T01:01:24+05:30
faridabad,2025-10-08,37,satta-company+satta-king-fast+satta-xpress,2026-09-26T01:01:24+05:30
ghaziabad,2025-10-08,20,satta-king-fast,2026-09-26T01:01:24+05:30
gali,2025-10-08,7,satta-king-fast,2026-09-26T01:01:24+05:30
disawar,2025-10-09,85,satta-king-fast,2026-09-26T01:01:24+05:30
faridabad,2025-10-09,32,satta-company+satta-king-fast+satta-xpress,2026-09-26T01:01:24+05:30
ghaziabad,2025-10-09,86,satta-king-fast,2026-09-26T01:01:24+05:30
gali,2025-10-09,8,satta-king-fast,2026-09-26T01:01:24+05:30
disawar,2025-10-10,73,satta-king-fast,2026-09-26T01:01:24+05:30
faridabad,2025-10-10,52,satta-company+satta-king-fast+satta-xpress,2026-09-26T01:01:24+05:30
ghaziabad,2025-10-10,8,satta-king-fast,2026-09-26T01:01:24+05:30
gali,2025-10-10,67,satta-king-fast,2026-09-26T01:01:24+05:30
disawar,2025-10-11,22,satta-king-fast,2026-09-26T01:01:24+05:30
faridabad,2025-10-11,64,satta-company+satta-king-fast+satta-xpress,2026-09-26T01:01:24+05:30
ghaziabad,2025-10-11,56,satta-king-fast,2026-09-26T01:01:24+05:30
gali,2025-10-11,5,satta-king-fast,2026-09-26T01:01:24+05:30
disawar,2025-10-12,88,satta-king-fast,2026-09-26T01:01:24+05:30
faridabad,2025-10-12,95,satta-company+satta-king-fast+satta-xpress,2026-09-26T01:01:24+05:30
ghaziabad,2025-10-12,54,satta-king-fast,2026-09-26T01:01:24+05:30
gali,2025-10-12,32,satta-king-fast,2026-09-26T01:01:24+05:30
disawar,2025-10-13,75,satta-king-fast,2026-09-26T01:01:24+05:30
faridabad,2025-10-13,92,satta-company+satta-king-fast+satta-xpress,2026-09-26T01:01:24+05:30
ghaziabad,2025-10-13,96,satta-king-fast,2026-09-26T01:01:24+05:30
gali,2025-10-13,26,satta-king-fast,2026-09-26T01:01:24+05:30
disawar,2025-10-14,24,satta-king-fast,2026-09-26T01:01:24+05:30
faridabad,2025-10-14,23,satta-company+satta-king-fast+satta-xpress,2026-09-26T01:01:24+05:30
ghaziabad,2025-10-14,98,satta-king-fast,2026-09-26T01:01:24+05:30
gali,2025-10-14,32,satta-king-fast,2026-09-26T01:01:24+05:30
disawar,2025-10-15,92,satta-king-fast,2026-09-26T01:01:24+05:30
faridabad,2025-10-15,88,satta-company+satta-king-fast+satta-xpress,2026-09-26T01:01:24+05:30
ghaziabad,2025-10-15,90,satta-king-fast,2026-09-26T01:01:24+05:30
gali,2025-10-15,66,satta-king-fast,2026-09-26T01:01:24+05:30
disawar,2025-10-16,50,satta-king-fast,2026-09-26T01:01:24+05:30
faridabad,2025-10-16,72,satta-company+satta-king-fast+satta-xpress,2026-09-26T01:01:24+05:30
ghaziabad,2025-10-16,98,satta-king-fast,2026-09-26T01:01:24+05:30
gali,2025-10-16,83,satta-king-fast,2026-09-26T01:01:24+05:30
disawar,2025-10-17,60,satta-king-fast,2026-09-26T01:01:24+05:30
faridabad,2025-10-17,59,satta-company+satta-king-fast+satta-xpress,2026-09-26T01:01:24+05:30
ghaziabad,2025-10-17,4,satta-king-fast,2026-09-26T01:01:24+05:30
gali,2025-10-17,61,satta-king-fast,2026-09-26T01:01:24+05:30
disawar,2025-10-18,55,satta-king-fast,2026-09-26T01:01:24+05:30
faridabad,2025-10-18,19,satta-company+satta-king-fast+satta-xpress,2026-09-26T01:01:24+05:30
ghaziabad,2025-10-18,36,satta-king-fast,2026-09-26T01:01:24+05:30
gali,2025-10-18,12,satta-king-fast,2026-09-26T01:01:24+05:30
disawar,2025-10-19,4,satta-king-fast,2026-09-26T01:01:24+05:30
faridabad,2025-10-19,57,satta-company+satta-king-fast+satta-xpress,2026-09-26T01:01:24+05:30
ghaziabad,2025-10-19,91,satta-king-fast,2026-09-26T01:01:24+05:30
gali,2025-10-19,49,satta-king-fast,2026-09-26T01:01:24+05:30
disawar,2025-10-20,75,satta-king-fast,2026-09-26T01:01:24+05:30
faridabad,2025-10-20,38,satta-company+satta-king-fast+satta-xpress,2026-09-26T01:01:24+05:30
ghaziabad,2025-10-20,81,satta-king-fast,2026-09-26T01:01:24+05:30
gali,2025-10-20,45,satta-king-fast,2026-09-26T01:01:24+05:30
disawar,2025-10-21,88,satta-king-fast,2026-09-26T01:01:24+05:30
faridabad,2025-10-21,70,satta-company+satta-king-fast+satta-xpress,2026-09-26T01:01:24+05:30
ghaziabad,2025-10-21,52,satta-king-fast,2026-09-26T01:01:24+05:30
gali,2025-10-21,92,satta-king-fast,2026-09-26T01:01:24+05:30
disawar,2025-10-22,38,satta-king-fast,2026-09-26T01:01:24+05:30
faridabad,2025-10-22,82,satta-company+satta-king-fast+satta-xpress,2026-09-26T01:01:24+05:30
ghaziabad,2025-10-22,58,satta-king-fast,2026-09-26T01:01:24+05:30
gali,2025-10-22,15,satta-king-fast,2026-09-26T01:01:24+05:30
disawar,2025-10-23,68,satta-king-fast,2026-09-26T01:01:24+05:30
faridabad,2025-10-23,11,satta-company+satta-king-fast+satta-xpress,2026-09-26T01:01:24+05:30
ghaziabad,2025-10-23,67,satta-king-fast,2026-09-26T01:01:24+05:30
gali,2025-10-23,6,satta-king-fast,2026-09-26T01:01:24+05:30
disawar,2025-10-24,50,satta-king-fast,2026-09-26T01:01:24+05:30
faridabad,2025-10-24,32,satta-company+satta-king-fast+satta-xpress,2026-09-26T01:01:24+05:30
ghaziabad,2025-10-24,91,satta-king-fast,2026-09-26T01:01:24+05:30
gali,2025-10-24,31,satta-king-fast,2026-09-26T01:01:24+05:30
disawar,2025-10-25,96,satta-king-fast,2026-09-26T01:01:24+05:30
faridabad,2025-10-25,44,satta-company+satta-king-fast+satta-xpress,2026-09-26T01:01:24+05:30
ghaziabad,2025-10-25,67,satta-king-fast,2026-09-26T01:01:24+05:30
gali,2025-10-25,72,satta-king-fast,2026-09-26T01:01:24+05:30
disawar,2025-10-26,61,satta-king-fast,2026-09-26T01:01:24+05:30
faridabad,2025-10-26,18,satta-company+satta-king-fast+satta-xpress,2026-09-26T01:01:24+05:30
ghaziabad,2025-10-26,65,satta-king-fast,2026-09-26T01:01:24+05:30
gali,2025-10-26,55,satta-king-fast,2026-09-26T01:01:24+05:30
disawar,2025-10-27,33,satta-king-fast,2026-09-26T01:01:24+05:30
faridabad,2025-10-27,81,satta-company+satta-king-fast+satta-xpress,2026-09-26T01:01:24+05:30
ghaziabad,2025-10-27,50,satta-king-fast,2026-09-26T01:01:24+05:30
gali,2025-10-27,36,satta-king-fast,2026-09-26T01:01:24+05:30
disawar,2025-10-28,68,satta-king-fast,2026-09-26T01:01:24+05:30
faridabad,2025-10-28,24,satta-company+satta-king-fast+satta-xpress,2026-09-26T01:01:24+05:30
ghaziabad,2025-10-28,84,satta-king-fast,2026-09-26T01:01:24+05:30
gali,2025-10-28,62,satta-king-fast,2026-09-26T01:01:24+05:30
disawar,2025-10-29,37,satta-king-fast,2026-09-26T01:01:24+05:30
faridabad,2025-10-29,71,satta-company+satta-king-fast+satta-xpress,2026-09-26T01:01:24+05:30
ghaziabad,2025-10-29,50,satta-king-fast,2026-09-26T01:01:24+05:30
gali,2025-10-29,18,satta-king-fast,2026-09-26T01:01:24+05:30
disawar,2025-10-30,40,satta-king-fast,2026-09-26T01:01:24+05:30
faridabad,2025-10-30,51,satta-company+satta-king-fast+satta-xpress,2026-09-26T01:01:24+05:30
ghaziabad,2025-10-30,59,satta-king-fast,2026-09-26T01:01:24+05:30
gali,2025-10-30,85,satta-king-fast,2026-09-26T01:01:24+05:30
disawar,2025-10-31,36,satta-king-fast,2026-09-26T01:01:24+05:30
faridabad,2025-11-01,26,satta-company+satta-king-fast+satta-xpress,2026-09-26T01:01:24+05:30
ghaziabad,2025-11-01,89,satta-king-fast,2026-09-26T01:01:24+05:30
gali,2025-11-01,40,satta-king-fast,2026-09-26T01:01:24+05:30
disawar,2025-11-02,37,satta-king-fast,2026-09-26T01:01:24+05:30
faridabad,2025-11-02,8,satta-company+satta-king-fast+satta-xpress,2026-09-26T01:01:24+05:30
ghaziabad,2025-11-02,69,satta-king-fast,2026-09-26T01:01:24+05:30
gali,2025-11-02,75,satta-king-fast,2026-09-26T01:01:24+05:30
disawar,2025-11-03,89,satta-king-fast,2026-09-26T01:01:24+05:30
faridabad,2025-11-03,28,satta-company+satta-king-fast+satta-xpress,2026-09-26T01:01:24+05:30
ghaziabad,2025-11-03,35,satta-king-fast,2026-09-26T01:01:24+05:30
gali,2025-11-03,7,satta-king-fast,2026-09-26T01:01:24+05:30
disawar,2025-11-04,29,satta-king-fast,2026-09-26T01:01:24+05:30
faridabad,2025-11-04,74,satta-company+satta-king-fast+satta-xpress,2026-09-26T01:01:24+05:30
ghaziabad,2025-11-04,20,satta-king-fast,2026-09-26T01:01:24+05:30
gali,2025-11-04,79,satta-king-fast,2026-09-26T01:01:24+05:30
disawar,2025-11-05,92,satta-king-fast,2026-09-26T01:01:24+05:30
faridabad,2025-11-05,2,satta-company+satta-king-fast+satta-xpress,2026-09-26T01:01:24+05:30
ghaziabad,2025-11-05,92,satta-king-fast,2026-09-26T01:01:24+05:30
gali,2025-11-05,80,satta-king-fast,2026-09-26T01:01:24+05:30
disawar,2025-11-06,68,satta-king-fast,2026-09-26T01:01:24+05:30
faridabad,2025-11-06,60,satta-company+satta-king-fast+satta-xpress,2026-09-26T01:01:24+05:30
ghaziabad,2025-11-06,6,satta-king-fast,2026-09-26T01:01:24+05:30
gali,2025-11-06,73,satta-king-fast,2026-09-26T01:01:24+05:30
disawar,2025-11-07,94,satta-king-fast,2026-09-26T01:01:24+05:30
faridabad,2025-11-07,5,satta-company+satta-king-fast+satta-xpress,2026-09-26T01:01:24+05:30
ghaziabad,2025-11-07,8,satta-king-fast,2026-09-26T01:01:24+05:30
gali,2025-11-07,19,satta-king-fast,2026-09-26T01:01:24+05:30
disawar,2025-11-08,85,satta-king-fast,2026-09-26T01:01:24+05:30
faridabad,2025-11-08,17,satta-company+satta-king-fast+satta-xpress,2026-09-26T01:01:24+05:30
ghaziabad,2025-11-08,79,satta-king-fast,2026-09-26T01:01:24+05:30
gali,2025-11-08,53,satta-king-fast,2026-09-26T01:01:24+05:30
disawar,2025-11-09,8,satta-king-fast,2026-09-26T01:01:24+05:30
faridabad,2025-11-09,41,satta-company+satta-king-fast+satta-xpress,2026-09-26T01:01:24+05:30
ghaziabad,2025-11-09,4,satta-king-fast,2026-09-26T01:01:24+05:30
gali,2025-11-09,32,satta-king-fast,2026-09-26T01:01:24+05:30
disawar,2025-11-10,67,satta-king-fast,2026-09-26T01:01:24+05:30
faridabad,2025-11-10,54,satta-company+satta-king-fast+satta-xpress,2026-09-26T01:01:24+05:30
ghaziabad,2025-11-10,2,satta-king-fast,2026-09-26T01:01:24+05:30
gali,2025-11-10,64,satta-king-fast,2026-09-26T01:01:24+05:30
disawar,2025-11-11,51,satta-king-fast,2026-09-26T01:01:24+05:30
faridabad,2025-11-11,15,satta-company+satta-king-fast+satta-xpress,2026-09-26T01:01:24+05:30
ghaziabad,2025-11-11,51,satta-king-fast,2026-09-26T01:01:24+05:30
gali,2025-11-11,57,satta-king-fast,2026-09-26T01:01:24+05:30
disawar,2025-11-12,37,satta-king-fast,2026-09-26T01:01:24+05:30
faridabad,2025-11-12,44,satta-company+satta-king-fast+satta-xpress,2026-09-26T01:01:24+05:30
ghaziabad,2025-11-12,37,satta-king-fast,2026-09-26T01:01:24+05:30
gali,2025-11-12,5,satta-king-fast,2026-09-26T01:01:24+05:30
disawar,2025-11-13,53,satta-king-fast,2026-09-26T01:01:24+05:30
faridabad,2025-11-13,20,satta-company+satta-king-fast+satta-xpress,2026-09-26T01:01:24+05:30
ghaziabad,2025-11-13,27,satta-king-fast,2026-09-26T01:01:24+05:30
gali,2025-11-13,13,satta-king-fast,2026-09-26T01:01:24+05:30
disawar,2025-11-14,55,satta-king-fast,2026-09-26T01:01:24+05:30
faridabad,2025-11-14,90,satta-company+satta-king-fast+satta-xpress,2026-09-26T01:01:24+05:30
ghaziabad,2025-11-14,60,satta-king-fast,2026-09-26T01:01:24+05:30
gali,2025-11-14,45,satta-king-fast,2026-09-26T01:01:24+05:30
disawar,2025-11-15,20,satta-king-fast,2026-09-26T01:01:24+05:30
faridabad,2025-11-15,23,satta-company+satta-king-fast+satta-xpress,2026-09-26T01:01:24+05:30
ghaziabad,2025-11-15,49,satta-king-fast,2026-09-26T01:01:24+05:30
gali,2025-11-15,93,satta-king-fast,2026-09-26T01:01:24+05:30
disawar,2025-11-16,51,satta-king-fast,2026-09-26T01:01:24+05:30
faridabad,2025-11-16,66,satta-company+satta-king-fast+satta-xpress,2026-09-26T01:01:24+05:30
ghaziabad,2025-11-16,68,satta-king-fast,2026-09-26T01:01:24+05:30
gali,2025-11-16,46,satta-king-fast,2026-09-26T01:01:24+05:30
disawar,2025-11-17,28,satta-king-fast,2026-09-26T01:01:24+05:30
faridabad,2025-11-17,52,satta-company+satta-king-fast+satta-xpress,2026-09-26T01:01:24+05:30
ghaziabad,2025-11-17,2,satta-king-fast,2026-09-26T01:01:24+05:30
gali,2025-11-17,14,satta-king-fast,2026-09-26T01:01:24+05:30
disawar,2025-11-18,41,satta-king-fast,2026-09-26T01:01:24+05:30
faridabad,2025-11-18,68,satta-company+satta-king-fast+satta-xpress,2026-09-26T01:01:24+05:30
ghaziabad,2025-11-18,61,satta-king-fast,2026-09-26T01:01:24+05:30
gali,2025-11-18,85,satta-king-fast,2026-09-26T01:01:24+05:30
disawar,2025-11-19,75,satta-king-fast,2026-09-26T01:01:24+05:30
faridabad,2025-11-19,46,satta-company+satta-king-fast+satta-xpress,2026-09-26T01:01:24+05:30
ghaziabad,2025-11-19,20,satta-king-fast,2026-09-26T01:01:24+05:30
gali,2025-11-19,14,satta-king-fast,2026-09-26T01:01:24+05:30
disawar,2025-11-20,60,satta-king-fast,2026-09-26T01:01:24+05:30
faridabad,2025-11-20,41,satta-company+satta-king-fast+satta-xpress,2026-09-26T01:01:24+05:30
ghaziabad,2025-11-20,3,satta-king-fast,2026-09-26T01:01:24+05:30
gali,2025-11-20,24,satta-king-fast,2026-09-26T01:01:24+05:30
disawar,2025-11-21,24,satta-king-fast,2026-09-26T01:01:24+05:30
faridabad,2025-11-21,30,satta-company+satta-king-fast+satta-xpress,2026-09-26T01:01:24+05:30
ghaziabad,2025-11-21,35,satta-king-fast,2026-09-26T01:01:24+05:30
gali,2025-11-21,11,satta-king-fast,2026-09-26T01:01:24+05:30
disawar,2025-11-22,83,satta-king-fast,2026-09-26T01:01:24+05:30
faridabad,2025-11-22,31,satta-company+satta-king-fast+satta-xpress,2026-09-26T01:01:24+05:30
ghaziabad,2025-11-22,30,satta-king-fast,2026-09-26T01:01:24+05:30
gali,2025-11-22,37,satta-king-fast,2026-09-26T01:01:24+05:30
disawar,2025-11-23,68,satta-king-fast,2026-09-26T01:01:24+05:30
faridabad,2025-11-23,75,satta-company+satta-king-fast+satta-xpress,2026-09-26T01:01:24+05:30
ghaziabad,2025-11-23,58,satta-king-fast,2026-09-26T01:01:24+05:30
gali,2025-11-23,2,satta-king-fast,2026-09-26T01:01:24+05:30
disawar,2025-11-24,34,satta-king-fast,2026-09-26T01:01:24+05:30
faridabad,2025-11-24,78,satta-company+satta-king-fast+satta-xpress,2026-09-26T01:01:24+05:30
ghaziabad,2025-11-24,79,satta-king-fast,2026-09-26T01:01:24+05:30
gali,2025-11-24,49,satta-king-fast,2026-09-26T01:01:24+05:30
disawar,2025-11-25,67,satta-king-fast,2026-09-26T01:01:24+05:30
faridabad,2025-11-25,35,satta-company+satta-king-fast+satta-xpress,2026-09-26T01:01:24+05:30
ghaziabad,2025-11-25,60,satta-king-fast,2026-09-26T01:01:24+05:30
gali,2025-11-25,7,satta-king-fast,2026-09-26T01:01:24+05:30
disawar,2025-11-26,22,satta-king-fast,2026-09-26T01:01:24+05:30
faridabad,2025-11-26,15,satta-company+satta-king-fast+satta-xpress,2026-09-26T01:01:24+05:30
ghaziabad,2025-11-26,23,satta-king-fast,2026-09-26T01:01:24+05:30
gali,2025-11-26,17,satta-king-fast,2026-09-26T01:01:24+05:30
disawar,2025-11-27,6,satta-king-fast,2026-09-26T01:01:24+05:30
faridabad,2025-11-27,17,satta-company+satta-king-fast+satta-xpress,2026-09-26T01:01:24+05:30
ghaziabad,2025-11-27,97,satta-king-fast,2026-09-26T01:01:24+05:30
gali,2025-11-27,39,satta-king-fast,2026-09-26T01:01:24+05:30
disawar,2025-11-28,57,satta-king-fast,2026-09-26T01:01:24+05:30
faridabad,2025-11-28,98,satta-company+satta-king-fast+satta-xpress,2026-09-26T01:01:24+05:30
ghaziabad,2025-11-28,6,satta-king-fast,2026-09-26T01:01:24+05:30
gali,2025-11-28,1,satta-king-fast,2026-09-26T01:01:24+05:30
disawar,2025-11-29,8,satta-king-fast,2026-09-26T01:01:24+05:30
faridabad,2025-11-29,83,satta-company+satta-king-fast+satta-xpress,2026-09-26T01:01:24+05:30
ghaziabad,2025-11-29,79,satta-king-fast,2026-09-26T01:01:24+05:30
gali,2025-11-29,24,satta-king-fast,2026-09-26T01:01:24+05:30
disawar,2025-11-30,60,satta-king-fast,2026-09-26T01:01:24+05:30
faridabad,2025-12-01,87,satta-company+satta-xpress,2026-09-26T01:01:24+05:30
ghaziabad,2025-12-01,63,satta-king-fast,2026-09-26T01:01:24+05:30
gali,2025-12-01,44,satta-king-fast,2026-09-26T01:01:24+05:30
disawar,2025-12-02,71,satta-king-fast,2026-09-26T01:01:24+05:30
faridabad,2025-12-02,19,satta-company+satta-king-fast+satta-xpress,2026-09-26T01:01:24+05:30
ghaziabad,2025-12-02,82,satta-king-fast,2026-09-26T01:01:24+05:30
gali,2025-12-02,76,satta-king-fast,2026-09-26T01:01:24+05:30
disawar,2025-12-03,27,satta-king-fast,2026-09-26T01:01:24+05:30
faridabad,2025-12-03,69,satta-company+satta-king-fast+satta-xpress,2026-09-26T01:01:24+05:30
ghaziabad,2025-12-03,91,satta-king-fast,2026-09-26T01:01:24+05:30
gali,2025-12-03,31,satta-king-fast,2026-09-26T01:01:24+05:30
disawar,2025-12-04,72,satta-king-fast,2026-09-26T01:01:24+05:30
faridabad,2025-12-04,35,satta-company+satta-king-fast+satta-xpress,2026-09-26T01:01:24+05:30
ghaziabad,2025-12-04,98,satta-king-fast,2026-09-26T01:01:24+05:30
gali,2025-12-04,92,satta-king-fast,2026-09-26T01:01:24+05:30
disawar,2025-12-05,64,satta-king-fast,2026-09-26T01:01:24+05:30
faridabad,2025-12-05,67,satta-company+satta-king-fast+satta-xpress,2026-09-26T01:01:24+05:30
ghaziabad,2025-12-05,72,satta-king-fast,2026-09-26T01:01:24+05:30
gali,2025-12-05,92,satta-king-fast,2026-09-26T01:01:24+05:30
disawar,2025-12-06,78,satta-king-fast,2026-09-26T01:01:24+05:30
faridabad,2025-12-06,92,satta-company+satta-king-fast+satta-xpress,2026-09-26T01:01:24+05:30
ghaziabad,2025-12-06,12,satta-king-fast,2026-09-26T01:01:24+05:30
gali,2025-12-06,81,satta-king-fast,2026-09-26T01:01:24+05:30
disawar,2025-12-07,79,satta-king-fast,2026-09-26T01:01:24+05:30
faridabad,2025-12-07,41,satta-company+satta-king-fast+satta-xpress,2026-09-26T01:01:24+05:30
ghaziabad,2025-12-07,72,satta-king-fast,2026-09-26T01:01:24+05:30
gali,2025-12-07,52,satta-king-fast,2026-09-26T01:01:24+05:30
disawar,2025-12-08,96,satta-king-fast,2026-09-26T01:01:24+05:30
faridabad,2025-12-08,38,satta-company+satta-king-fast+satta-xpress,2026-09-26T01:01:24+05:30
ghaziabad,2025-12-08,25,satta-king-fast,2026-09-26T01:01:24+05:30
gali,2025-12-08,99,satta-king-fast,2026-09-26T01:01:24+05:30
disawar,2025-12-09,25,satta-king-fast,2026-09-26T01:01:24+05:30
faridabad,2025-12-09,39,satta-company+satta-king-fast+satta-xpress,2026-09-26T01:01:24+05:30
ghaziabad,2025-12-09,91,satta-king-fast,2026-09-26T01:01:24+05:30
gali,2025-12-09,35,satta-king-fast,2026-09-26T01:01:24+05:30
disawar,2025-12-10,41,satta-king-fast,2026-09-26T01:01:24+05:30
faridabad,2025-12-10,33,satta-company+satta-king-fast+satta-xpress,2026-09-26T01:01:24+05:30
ghaziabad,2025-12-10,7,satta-king-fast,2026-09-26T01:01:24+05:30
gali,2025-12-10,90,satta-king-fast,2026-09-26T01:01:24+05:30
disawar,2025-12-11,43,satta-king-fast,2026-09-26T01:01:24+05:30
faridabad,2025-12-11,61,satta-company+satta-king-fast+satta-xpress,2026-09-26T01:01:24+05:30
ghaziabad,2025-12-11,72,satta-king-fast,2026-09-26T01:01:24+05:30
gali,2025-12-11,22,satta-king-fast,2026-09-26T01:01:24+05:30
disawar,2025-12-12,31,satta-king-fast,2026-09-26T01:01:24+05:30
faridabad,2025-12-12,97,satta-company+satta-king-fast+satta-xpress,2026-09-26T01:01:24+05:30
ghaziabad,2025-12-12,11,satta-king-fast,2026-09-26T01:01:24+05:30
gali,2025-12-12,96,satta-king-fast,2026-09-26T01:01:24+05:30
disawar,2025-12-13,99,satta-king-fast,2026-09-26T01:01:24+05:30
faridabad,2025-12-13,73,satta-company+satta-king-fast+satta-xpress,2026-09-26T01:01:24+05:30
ghaziabad,2025-12-13,85,satta-king-fast,2026-09-26T01:01:24+05:30
gali,2025-12-13,38,satta-king-fast,2026-09-26T01:01:24+05:30
disawar,2025-12-14,38,satta-king-fast,2026-09-26T01:01:24+05:30
faridabad,2025-12-14,58,satta-company+satta-king-fast+satta-xpress,2026-09-26T01:01:24+05:30
ghaziabad,2025-12-14,66,satta-king-fast,2026-09-26T01:01:24+05:30
gali,2025-12-14,66,satta-king-fast,2026-09-26T01:01:24+05:30
disawar,2025-12-15,97,satta-king-fast,2026-09-26T01:01:24+05:30
faridabad,2025-12-15,89,satta-company+satta-king-fast+satta-xpress,2026-09-26T01:01:24+05:30
ghaziabad,2025-12-15,19,satta-king-fast,2026-09-26T01:01:24+05:30
gali,2025-12-15,23,satta-king-fast,2026-09-26T01:01:24+05:30
disawar,2025-12-16,49,satta-king-fast,2026-09-26T01:01:24+05:30
faridabad,2025-12-16,21,satta-company+satta-king-fast+satta-xpress,2026-09-26T01:01:24+05:30
ghaziabad,2025-12-16,64,satta-king-fast,2026-09-26T01:01:24+05:30
gali,2025-12-16,43,satta-king-fast,2026-09-26T01:01:24+05:30
disawar,2025-12-17,13,satta-king-fast,2026-09-26T01:01:24+05:30
faridabad,2025-12-17,82,satta-company+satta-king-fast+satta-xpress,2026-09-26T01:01:24+05:30
ghaziabad,2025-12-17,19,satta-king-fast,2026-09-26T01:01:24+05:30
gali,2025-12-17,87,satta-king-fast,2026-09-26T01:01:24+05:30
disawar,2025-12-18,81,satta-king-fast,2026-09-26T01:01:24+05:30
faridabad,2025-12-18,81,satta-company+satta-king-fast+satta-xpress,2026-09-26T01:01:24+05:30
ghaziabad,2025-12-18,7,satta-king-fast,2026-09-26T01:01:24+05:30
gali,2025-12-18,6,satta-king-fast,2026-09-26T01:01:24+05:30
disawar,2025-12-19,32,satta-king-fast,2026-09-26T01:01:24+05:30
faridabad,2025-12-19,58,satta-company+satta-king-fast+satta-xpress,2026-09-26T01:01:24+05:30
ghaziabad,2025-12-19,53,satta-king-fast,2026-09-26T01:01:24+05:30
gali,2025-12-19,11,satta-king-fast,2026-09-26T01:01:24+05:30
disawar,2025-12-20,73,satta-king-fast,2026-09-26T01:01:24+05:30
faridabad,2025-12-20,61,satta-company+satta-king-fast+satta-xpress,2026-09-26T01:01:24+05:30
ghaziabad,2025-12-20,49,satta-king-fast,2026-09-26T01:01:24+05:30
gali,2025-12-20,49,satta-king-fast,2026-09-26T01:01:24+05:30
disawar,2025-12-21,41,satta-king-fast,2026-09-26T01:01:24+05:30
faridabad,2025-12-21,45,satta-company+satta-king-fast+satta-xpress,2026-09-26T01:01:24+05:30
ghaziabad,2025-12-21,3,satta-king-fast,2026-09-26T01:01:24+05:30
gali,2025-12-21,89,satta-king-fast,2026-09-26T01:01:24+05:30
disawar,2025-12-22,61,satta-king-fast,2026-09-26T01:01:24+05:30
faridabad,2025-12-22,12,satta-company+satta-king-fast+satta-xpress,2026-09-26T01:01:24+05:30
ghaziabad,2025-12-22,65,satta-king-fast,2026-09-26T01:01:24+05:30
gali,2025-12-22,80,satta-king-fast,2026-09-26T01:01:24+05:30
disawar,2025-12-23,44,satta-king-fast,2026-09-26T01:01:24+05:30
faridabad,2025-12-23,55,satta-company+satta-king-fast+satta-xpress,2026-09-26T01:01:24+05:30
ghaziabad,2025-12-23,69,satta-king-fast,2026-09-26T01:01:24+05:30
gali,2025-12-23,44,satta-king-fast,2026-09-26T01:01:24+05:30
disawar,2025-12-24,34,satta-king-fast,2026-09-26T01:01:24+05:30
faridabad,2025-12-24,63,satta-company+satta-king-fast+satta-xpress,2026-09-26T01:01:24+05:30
ghaziabad,2025-12-24,22,satta-king-fast,2026-09-26T01:01:24+05:30
gali,2025-12-24,89,satta-king-fast,2026-09-26T01:01:24+05:30
disawar,2025-12-25,19,satta-king-fast,2026-09-26T01:01:24+05:30
faridabad,2025-12-25,56,satta-company+satta-king-fast+satta-xpress,2026-09-26T01:01:24+05:30
ghaziabad,2025-12-25,39,satta-king-fast,2026-09-26T01:01:24+05:30
gali,2025-12-25,87,satta-king-fast,2026-09-26T01:01:24+05:30
disawar,2025-12-26,92,satta-king-fast,2026-09-26T01:01:24+05:30
faridabad,2025-12-26,96,satta-company+satta-king-fast+satta-xpress,2026-09-26T01:01:24+05:30
ghaziabad,2025-12-26,8,satta-king-fast,2026-09-26T01:01:24+05:30
gali,2025-12-26,54,satta-king-fast,2026-09-26T01:01:24+05:30
disawar,2025-12-27,43,satta-king-fast,2026-09-26T01:01:24+05:30
faridabad,2025-12-27,50,satta-company+satta-king-fast+satta-xpress,2026-09-26T01:01:24+05:30
ghaziabad,2025-12-27,62,satta-king-fast,2026-09-26T01:01:24+05:30
gali,2025-12-27,20,satta-king-fast,2026-09-26T01:01:24+05:30
disawar,2025-12-28,29,satta-king-fast,2026-09-26T01:01:24+05:30
faridabad,2025-12-28,75,satta-company+satta-king-fast+satta-xpress,2026-09-26T01:01:24+05:30
ghaziabad,2025-12-28,55,satta-king-fast,2026-09-26T01:01:24+05:30
gali,2025-12-28,53,satta-king-fast,2026-09-26T01:01:24+05:30
disawar,2025-12-29,53,satta-king-fast,2026-09-26T01:01:24+05:30
faridabad,2025-12-29,45,satta-company+satta-king-fast+satta-xpress,2026-09-26T01:01:24+05:30
ghaziabad,2025-12-29,13,satta-king-fast,2026-09-26T01:01:24+05:30
gali,2025-12-29,48,satta-king-fast,2026-09-26T01:01:24+05:30
disawar,2025-12-30,78,satta-king-fast,2026-09-26T01:01:24+05:30
faridabad,2025-12-30,94,satta-company+satta-king-fast+satta-xpress,2026-09-26T01:01:24+05:30
ghaziabad,2025-12-30,57,satta-king-fast,2026-09-26T01:01:24+05:30
gali,2025-12-30,9,satta-king-fast,2026-09-26T01:01:24+05:30
disawar,2025-12-31,62,satta-king-fast,2026-09-26T01:01:24+05:30
faridabad,2026-01-01,42,satta-company+satta-king-fast+satta-xpress+sattacom,2026-09-26T00:38:11+05:30
ghaziabad,2026-01-01,66,satta-king-fast,2026-09-26T00:38:11+05:30
gali,2026-01-01,58,satta-king-fast,2026-09-26T00:38:11+05:30
disawar,2026-01-02,65,satta-king-fast,2026-09-26T00:38:11+05:30
faridabad,2026-01-02,96,satta-company+satta-king-fast+satta-xpress+sattacom,2026-09-26T00:38:11+05:30
ghaziabad,2026-01-02,5,satta-king-fast,2026-09-26T00:38:11+05:30
gali,2026-01-02,92,satta-king-fast,2026-09-26T00:38:11+05:30
disawar,2026-01-03,63,satta-king-fast,2026-09-26T00:38:11+05:30
faridabad,2026-01-03,81,satta-company+satta-king-fast+satta-xpress+sattacom,2026-09-26T00:38:11+05:30
ghaziabad,2026-01-03,91,satta-king-fast,2026-09-26T00:38:11+05:30
gali,2026-01-03,99,satta-king-fast,2026-09-26T00:38:11+05:30
disawar,2026-01-04,44,satta-king-fast,2026-09-26T00:38:11+05:30
faridabad,2026-01-04,28,satta-company+satta-king-fast+satta-xpress+sattacom,2026-09-26T00:38:11+05:30
ghaziabad,2026-01-04,13,satta-king-fast,2026-09-26T00:38:11+05:30
gali,2026-01-04,23,satta-king-fast,2026-09-26T00:38:11+05:30
disawar,2026-01-05,88,satta-king-fast,2026-09-26T00:38:11+05:30
faridabad,2026-01-05,36,satta-company+satta-king-fast+satta-xpress+sattacom,2026-09-26T00:38:11+05:30
ghaziabad,2026-01-05,5,satta-king-fast,2026-09-26T00:38:11+05:30
gali,2026-01-05,40,satta-king-fast,2026-09-26T00:38:11+05:30
disawar,2026-01-06,18,satta-king-fast,2026-09-26T00:38:11+05:30
faridabad,2026-01-06,86,satta-company+satta-king-fast+satta-xpress+sattacom,2026-09-26T00:38:11+05:30
ghaziabad,2026-01-06,13,satta-king-fast,2026-09-26T00:38:11+05:30
gali,2026-01-06,78,satta-king-fast,2026-09-26T00:38:11+05:30
disawar,2026-01-07,61,satta-king-fast,2026-09-26T00:38:11+05:30
faridabad,2026-01-07,28,satta-company+satta-king-fast+satta-xpress+sattacom,2026-09-26T00:38:11+05:30
ghaziabad,2026-01-07,44,satta-king-fast,2026-09-26T00:38:11+05:30
gali,2026-01-07,11,satta-king-fast,2026-09-26T00:38:11+05:30
disawar,2026-01-08,6,satta-king-fast,2026-09-26T00:38:11+05:30
faridabad,2026-01-08,49,satta-company+satta-king-fast+satta-xpress+sattacom,2026-09-26T00:38:11+05:30
ghaziabad,2026-01-08,4,satta-king-fast,2026-09-26T00:38:11+05:30
gali,2026-01-08,25,satta-king-fast,2026-09-26T00:38:11+05:30
disawar,2026-01-09,95,satta-king-fast,2026-09-26T00:38:11+05:30
faridabad,2026-01-09,66,satta-company+satta-king-fast+satta-xpress+sattacom,2026-09-26T00:38:11+05:30
ghaziabad,2026-01-09,28,satta-king-fast,2026-09-26T00:38:11+05:30
gali,2026-01-09,21,satta-king-fast,2026-09-26T00:38:11+05:30
disawar,2026-01-10,24,satta-king-fast,2026-09-26T00:38:11+05:30
faridabad,2026-01-10,43,satta-company+satta-king-fast+satta-xpress+sattacom,2026-09-26T00:38:11+05:30
ghaziabad,2026-01-10,33,satta-king-fast,2026-09-26T00:38:11+05:30
gali,2026-01-10,52,satta-king-fast,2026-09-26T00:38:11+05:30
disawar,2026-01-11,5,satta-king-fast,2026-09-26T00:38:11+05:30
faridabad,2026-01-11,51,satta-company+satta-king-fast+satta-xpress+sattacom,2026-09-26T00:38:11+05:30
ghaziabad,2026-01-11,73,satta-king-fast,2026-09-26T00:38:11+05:30
gali,2026-01-11,78,satta-king-fast,2026-09-26T00:38:11+05:30
disawar,2026-01-12,33,satta-king-fast,2026-09-26T00:38:11+05:30
faridabad,2026-01-12,4,satta-company+satta-king-fast+satta-xpress+sattacom,2026-09-26T00:38:11+05:30
ghaziabad,2026-01-12,21,satta-king-fast,2026-09-26T00:38:11+05:30
gali,2026-01-12,14,satta-king-fast,2026-09-26T00:38:11+05:30
disawar,2026-01-13,51,satta-king-fast,2026-09-26T00:38:11+05:30
faridabad,2026-01-13,7,satta-company+satta-king-fast+satta-xpress+sattacom,2026-09-26T00:38:11+05:30
ghaziabad,2026-01-13,88,satta-king-fast,2026-09-26T00:38:11+05:30
gali,2026-01-13,58,satta-king-fast,2026-09-26T00:38:11+05:30
disawar,2026-01-14,5,satta-king-fast,2026-09-26T00:38:11+05:30
faridabad,2026-01-14,89,satta-company+satta-king-fast+satta-xpress+sattacom,2026-09-26T00:38:11+05:30
ghaziabad,2026-01-14,84,satta-king-fast,2026-09-26T00:38:11+05:30
gali,2026-01-14,70,satta-king-fast,2026-09-26T00:38:11+05:30
disawar,2026-01-15,56,satta-king-fast,2026-09-26T00:38:11+05:30
faridabad,2026-01-15,55,satta-company+satta-king-fast+satta-xpress+sattacom,2026-09-26T00:38:11+05:30
ghaziabad,2026-01-15,79,satta-king-fast,2026-09-26T00:38:11+05:30
gali,2026-01-15,2,satta-king-fast,2026-09-26T00:38:11+05:30
disawar,2026-01-16,42,satta-king-fast,2026-09-26T00:38:11+05:30
faridabad,2026-01-16,89,satta-company+satta-king-fast+satta-xpress+sattacom,2026-09-26T00:38:11+05:30
ghaziabad,2026-01-16,97,satta-king-fast,2026-09-26T00:38:11+05:30
gali,2026-01-16,74,satta-king-fast,2026-09-26T00:38:11+05:30
disawar,2026-01-17,54,satta-king-fast,2026-09-26T00:38:11+05:30
faridabad,2026-01-17,46,satta-company+satta-king-fast+satta-xpress+sattacom,2026-09-26T00:38:11+05:30
ghaziabad,2026-01-17,37,satta-king-fast,2026-09-26T00:38:11+05:30
gali,2026-01-17,34,satta-king-fast,2026-09-26T00:38:11+05:30
disawar,2026-01-18,97,satta-king-fast,2026-09-26T00:38:11+05:30
faridabad,2026-01-18,1,satta-company+satta-king-fast+satta-xpress+sattacom,2026-09-26T00:38:11+05:30
ghaziabad,2026-01-18,67,satta-king-fast,2026-09-26T00:38:11+05:30
gali,2026-01-18,20,satta-king-fast,2026-09-26T00:38:11+05:30
disawar,2026-01-19,65,satta-king-fast,2026-09-26T00:38:11+05:30
faridabad,2026-01-19,24,satta-company+satta-king-fast+satta-xpress+sattacom,2026-09-26T00:38:11+05:30
ghaziabad,2026-01-19,87,satta-king-fast,2026-09-26T00:38:11+05:30
gali,2026-01-19,31,satta-king-fast,2026-09-26T00:38:11+05:30
disawar,2026-01-20,68,satta-king-fast,2026-09-26T00:38:11+05:30
faridabad,2026-01-20,57,satta-company+satta-king-fast+satta-xpress+sattacom,2026-09-26T00:38:11+05:30
ghaziabad,2026-01-20,6,satta-king-fast,2026-09-26T00:38:11+05:30
gali,2026-01-20,97,satta-king-fast,2026-09-26T00:38:11+05:30
disawar,2026-01-21,2,satta-king-fast,2026-09-26T00:38:11+05:30
faridabad,2026-01-21,48,satta-company+satta-king-fast+satta-xpress+sattacom,2026-09-26T00:38:11+05:30
ghaziabad,2026-01-21,46,satta-king-fast,2026-09-26T00:38:11+05:30
gali,2026-01-21,50,satta-king-fast,2026-09-26T00:38:11+05:30
disawar,2026-01-22,82,satta-king-fast,2026-09-26T00:38:11+05:30
faridabad,2026-01-22,6,satta-company+satta-king-fast+satta-xpress+sattacom,2026-09-26T00:38:11+05:30
ghaziabad,2026-01-22,79,satta-king-fast,2026-09-26T00:38:11+05:30
gali,2026-01-22,35,satta-king-fast,2026-09-26T00:38:11+05:30
disawar,2026-01-23,7,satta-king-fast,2026-09-26T00:38:11+05:30
faridabad,2026-01-23,17,satta-company+satta-king-fast+satta-xpress+sattacom,2026-09-26T00:38:11+05:30
ghaziabad,2026-01-23,71,satta-king-fast,2026-09-26T00:38:11+05:30
gali,2026-01-23,2,satta-king-fast,2026-09-26T00:38:11+05:30
disawar,2026-01-24,81,satta-king-fast,2026-09-26T00:38:11+05:30
faridabad,2026-01-24,67,satta-company+satta-king-fast+satta-xpress+sattacom,2026-09-26T00:38:11+05:30
ghaziabad,2026-01-24,42,satta-king-fast,2026-09-26T00:38:11+05:30
gali,2026-01-24,42,satta-king-fast,2026-09-26T00:38:11+05:30
disawar,2026-01-25,36,satta-king-fast,2026-09-26T00:38:11+05:30
faridabad,2026-01-25,55,satta-company+satta-king-fast+satta-xpress+sattacom,2026-09-26T00:38:11+05:30
ghaziabad,2026-01-25,31,satta-king-fast,2026-09-26T00:38:11+05:30
gali,2026-01-25,82,satta-king-fast,2026-09-26T00:38:11+05:30
disawar,2026-01-26,94,satta-king-fast,2026-09-26T00:38:11+05:30
faridabad,2026-01-26,18,satta-company+satta-king-fast+satta-xpress+sattacom,2026-09-26T00:38:11+05:30
ghaziabad,2026-01-26,17,satta-king-fast,2026-09-26T00:38:11+05:30
gali,2026-01-26,51,satta-king-fast,2026-09-26T00:38:11+05:30
disawar,2026-01-27,10,satta-king-fast,2026-09-26T00:38:11+05:30
faridabad,2026-01-27,72,satta-company+satta-king-fast+satta-xpress+sattacom,2026-09-26T00:38:11+05:30
ghaziabad,2026-01-27,78,satta-king-fast,2026-09-26T00:38:11+05:30
gali,2026-01-27,47,satta-king-fast,2026-09-26T00:38:11+05:30
disawar,2026-01-28,89,satta-king-fast,2026-09-26T00:38:11+05:30
faridabad,2026-01-28,71,satta-company+satta-king-fast+satta-xpress+sattacom,2026-09-26T00:38:11+05:30
ghaziabad,2026-01-28,0,satta-king-fast,2026-09-26T00:38:11+05:30
gali,2026-01-28,79,satta-king-fast,2026-09-26T00:38:11+05:30
disawar,2026-01-29,51,satta-king-fast,2026-09-26T00:38:11+05:30
faridabad,2026-01-29,33,satta-company+satta-king-fast+satta-xpress+sattacom,2026-09-26T00:38:11+05:30
ghaziabad,2026-01-29,65,satta-king-fast,2026-09-26T00:38:11+05:30
gali,2026-01-29,34,satta-king-fast,2026-09-26T00:38:11+05:30
disawar,2026-01-30,56,satta-king-fast,2026-09-26T00:38:11+05:30
faridabad,2026-01-30,74,satta-company+satta-king-fast+satta-xpress+sattacom,2026-09-26T00:38:11+05:30
ghaziabad,2026-01-30,81,satta-king-fast,2026-09-26T00:38:11+05:30
gali,2026-01-30,12,satta-king-fast,2026-09-26T00:38:11+05:30
disawar,2026-01-31,82,satta-king-fast,2026-09-26T00:38:11+05:30
faridabad,2026-02-01,39,satta-company+satta-king-fast+satta-xpress+sattacom,2026-09-26T00:38:11+05:30
ghaziabad,2026-02-01,17,satta-king-fast,2026-09-26T00:38:11+05:30
gali,2026-02-01,5,satta-king-fast,2026-09-26T00:38:11+05:30
disawar,2026-02-02,93,satta-king-fast,2026-09-26T00:38:11+05:30
faridabad,2026-02-02,90,satta-company+satta-king-fast+satta-xpress+sattacom,2026-09-26T00:38:11+05:30
ghaziabad,2026-02-02,99,satta-king-fast,2026-09-26T00:38:11+05:30
gali,2026-02-02,4,satta-king-fast,2026-09-26T00:38:11+05:30
disawar,2026-02-03,78,satta-king-fast,2026-09-26T00:38:11+05:30
faridabad,2026-02-03,8,satta-company+satta-king-fast+satta-xpress+sattacom,2026-09-26T00:38:11+05:30
ghaziabad,2026-02-03,42,satta-king-fast,2026-09-26T00:38:11+05:30
gali,2026-02-03,37,satta-king-fast,2026-09-26T00:38:11+05:30
disawar,2026-02-04,94,satta-king-fast,2026-09-26T00:38:11+05:30
faridabad,2026-02-04,40,satta-company+satta-king-fast+satta-xpress+sattacom,2026-09-26T00:38:11+05:30
ghaziabad,2026-02-04,84,satta-king-fast,2026-09-26T00:38:11+05:30
gali,2026-02-04,95,satta-king-fast,2026-09-26T00:38:11+05:30
disawar,2026-02-05,18,satta-king-fast,2026-09-26T00:38:11+05:30
faridabad,2026-02-05,4,satta-company+satta-king-fast+satta-xpress+sattacom,2026-09-26T00:38:11+05:30
ghaziabad,2026-02-05,76,satta-king-fast,2026-09-26T00:38:11+05:30
gali,2026-02-05,40,satta-king-fast,2026-09-26T00:38:11+05:30
disawar,2026-02-06,20,satta-king-fast,2026-09-26T00:38:11+05:30
faridabad,2026-02-06,35,satta-company+satta-king-fast+satta-xpress+sattacom,2026-09-26T00:38:11+05:30
ghaziabad,2026-02-06,35,satta-king-fast,2026-09-26T00:38:11+05:30
gali,2026-02-06,92,satta-king-fast,2026-09-26T00:38:11+05:30
disawar,2026-02-07,99,satta-king-fast,2026-09-26T00:38:11+05:30
faridabad,2026-02-07,25,satta-company+satta-king-fast+satta-xpress+sattacom,2026-09-26T00:38:11+05:30
ghaziabad,2026-02-07,13,satta-king-fast,2026-09-26T00:38:11+05:30
gali,2026-02-07,28,satta-king-fast,2026-09-26T00:38:11+05:30
disawar,2026-02-08,31,satta-king-fast,2026-09-26T00:38:11+05:30
faridabad,2026-02-08,10,satta-company+satta-king-fast+satta-xpress+sattacom,2026-09-26T00:38:11+05:30
ghaziabad,2026-02-08,84,satta-king-fast,2026-09-26T00:38:11+05:30
gali,2026-02-08,71,satta-king-fast,2026-09-26T00:38:11+05:30
disawar,2026-02-09,94,satta-king-fast,2026-09-26T00:38:11+05:30
faridabad,2026-02-09,21,satta-company+satta-king-fast+satta-xpress+sattacom,2026-09-26T00:38:11+05:30
ghaziabad,2026-02-09,95,satta-king-fast,2026-09-26T00:38:11+05:30
gali,2026-02-09,7,satta-king-fast,2026-09-26T00:38:11+05:30
disawar,2026-02-10,53,satta-king-fast,2026-09-26T00:38:11+05:30
faridabad,2026-02-10,30,satta-company+satta-king-fast+satta-xpress+sattacom,2026-09-26T00:38:11+05:30
ghaziabad,2026-02-10,83,satta-king-fast,2026-09-26T00:38:11+05:30
gali,2026-02-10,0,satta-king-fast,2026-09-26T00:38:11+05:30
disawar,2026-02-11,99,satta-king-fast,2026-09-26T00:38:11+05:30
faridabad,2026-02-11,72,satta-company+satta-king-fast+satta-xpress+sattacom,2026-09-26T00:38:11+05:30
ghaziabad,2026-02-11,52,satta-king-fast,2026-09-26T00:38:11+05:30
gali,2026-02-11,90,satta-king-fast,2026-09-26T00:38:11+05:30
disawar,2026-02-12,83,satta-king-fast,2026-09-26T00:38:11+05:30
faridabad,2026-02-12,14,satta-company+satta-king-fast+satta-xpress+sattacom,2026-09-26T00:38:11+05:30
ghaziabad,2026-02-12,47,satta-king-fast,2026-09-26T00:38:11+05:30
gali,2026-02-12,57,satta-king-fast,2026-09-26T00:38:11+05:30
disawar,2026-02-13,29,satta-king-fast,2026-09-26T00:38:11+05:30
faridabad,2026-02-13,46,satta-company+satta-king-fast+satta-xpress+sattacom,2026-09-26T00:38:11+05:30
ghaziabad,2026-02-13,95,satta-king-fast,2026-09-26T00:38:11+05:30
gali,2026-02-13,88,satta-king-fast,2026-09-26T00:38:11+05:30
disawar,2026-02-14,28,satta-king-fast,2026-09-26T00:38:11+05:30
faridabad,2026-02-14,84,satta-company+satta-king-fast+satta-xpress+sattacom,2026-09-26T00:38:11+05:30
ghaziabad,2026-02-14,59,satta-king-fast,2026-09-26T00:38:11+05:30
gali,2026-02-14,35,satta-king-fast,2026-09-26T00:38:11+05:30
disawar,2026-02-15,54,satta-king-fast,2026-09-26T00:38:11+05:30
faridabad,2026-02-15,31,satta-company+satta-king-fast+satta-xpress+sattacom,2026-09-26T00:38:11+05:30
ghaziabad,2026-02-15,19,satta-king-fast,2026-09-26T00:38:11+05:30
gali,2026-02-15,18,satta-king-fast,2026-09-26T00:38:11+05:30
disawar,2026-02-16,7,satta-king-fast,2026-09-26T00:38:11+05:30
faridabad,2026-02-16,59,satta-company+satta-king-fast+satta-xpress+sattacom,2026-09-26T00:38:11+05:30
ghaziabad,2026-02-16,0,satta-king-fast,2026-09-26T00:38:11+05:30
gali,2026-02-16,95,satta-king-fast,2026-09-26T00:38:11+05:30
disawar,2026-02-17,97,satta-king-fast,2026-09-26T00:38:11+05:30
faridabad,2026-02-17,36,satta-company+satta-king-fast+satta-xpress+sattacom,2026-09-26T00:38:11+05:30
ghaziabad,2026-02-17,98,satta-king-fast,2026-09-26T00:38:11+05:30
gali,2026-02-17,49,satta-king-fast,2026-09-26T00:38:11+05:30
disawar,2026-02-18,33,satta-king-fast,2026-09-26T00:38:11+05:30
faridabad,2026-02-18,1,satta-company+satta-king-fast+satta-xpress+sattacom,2026-09-26T00:38:11+05:30
ghaziabad,2026-02-18,81,satta-king-fast,2026-09-26T00:38:11+05:30
gali,2026-02-18,88,satta-king-fast,2026-09-26T00:38:11+05:30
disawar,2026-02-19,63,satta-king-fast,2026-09-26T00:38:11+05:30
faridabad,2026-02-19,86,satta-company+satta-king-fast+satta-xpress+sattacom,2026-09-26T00:38:11+05:30
ghaziabad,2026-02-19,50,satta-king-fast,2026-09-26T00:38:11+05:30
gali,2026-02-19,88,satta-king-fast,2026-09-26T00:38:11+05:30
disawar,2026-02-20,81,satta-king-fast,2026-09-26T00:38:11+05:30
faridabad,2026-02-20,29,satta-company+satta-king-fast+satta-xpress+sattacom,2026-09-26T00:38:11+05:30
ghaziabad,2026-02-20,78,satta-king-fast,2026-09-26T00:38:11+05:30
gali,2026-02-20,34,satta-king-fast,2026-09-26T00:38:11+05:30
disawar,2026-02-21,78,satta-king-fast,2026-09-26T00:38:11+05:30
faridabad,2026-02-21,70,satta-company+satta-king-fast+satta-xpress+sattacom,2026-09-26T00:38:11+05:30
ghaziabad,2026-02-21,40,satta-king-fast,2026-09-26T00:38:11+05:30
gali,2026-02-21,36,satta-king-fast,2026-09-26T00:38:11+05:30
disawar,2026-02-22,95,satta-king-fast,2026-09-26T00:38:11+05:30
faridabad,2026-02-22,89,satta-company+satta-king-fast+satta-xpress+sattacom,2026-09-26T00:38:11+05:30
ghaziabad,2026-02-22,54,satta-king-fast,2026-09-26T00:38:11+05:30
gali,2026-02-22,52,satta-king-fast,2026-09-26T00:38:11+05:30
disawar,2026-02-23,61,satta-king-fast,2026-09-26T00:38:11+05:30
faridabad,2026-02-23,64,satta-company+satta-king-fast+satta-xpress+sattacom,2026-09-26T00:38:11+05:30
ghaziabad,2026-02-23,29,satta-king-fast,2026-09-26T00:38:11+05:30
gali,2026-02-23,66,satta-king-fast,2026-09-26T00:38:11+05:30
disawar,2026-02-24,27,satta-king-fast,2026-09-26T00:38:11+05:30
faridabad,2026-02-24,12,satta-company+satta-king-fast+satta-xpress+sattacom,2026-09-26T00:38:11+05:30
ghaziabad,2026-02-24,44,satta-king-fast,2026-09-26T00:38:11+05:30
gali,2026-02-24,84,satta-king-fast,2026-09-26T00:38:11+05:30
disawar,2026-02-25,68,satta-king-fast,2026-09-26T00:38:11+05:30
faridabad,2026-02-25,86,satta-company+satta-king-fast+satta-xpress+sattacom,2026-09-26T00:38:11+05:30
ghaziabad,2026-02-25,83,satta-king-fast,2026-09-26T00:38:11+05:30
gali,2026-02-25,12,satta-king-fast,2026-09-26T00:38:11+05:30
disawar,2026-02-26,57,satta-king-fast,2026-09-26T00:38:11+05:30
faridabad,2026-02-26,99,satta-company+satta-king-fast+satta-xpress+sattacom,2026-09-26T00:38:11+05:30
ghaziabad,2026-02-26,18,satta-king-fast,2026-09-26T00:38:11+05:30
gali,2026-02-26,75,satta-king-fast,2026-09-26T00:38:11+05:30
disawar,2026-02-27,53,satta-king-fast,2026-09-26T00:38:11+05:30
faridabad,2026-02-27,70,satta-company+satta-king-fast+satta-xpress+sattacom,2026-09-26T00:38:11+05:30
ghaziabad,2026-02-27,68,satta-king-fast,2026-09-26T00:38:11+05:30
gali,2026-02-27,83,satta-king-fast,2026-09-26T00:38:11+05:30
disawar,2026-02-28,27,satta-king-fast,2026-09-26T00:38:11+05:30
faridabad,2026-03-01,2,satta-company+satta-king-fast+satta-xpress+sattacom,2026-09-26T00:38:11+05:30
ghaziabad,2026-03-01,10,satta-king-fast,2026-09-26T00:38:11+05:30
gali,2026-03-01,92,satta-king-fast,2026-09-26T00:38:11+05:30
disawar,2026-03-02,68,satta-king-fast,2026-09-26T00:38:11+05:30
faridabad,2026-03-02,91,satta-company+satta-king-fast+satta-xpress+sattacom,2026-09-26T00:38:11+05:30
ghaziabad,2026-03-02,10,satta-king-fast,2026-09-26T00:38:11+05:30
gali,2026-03-02,30,satta-king-fast,2026-09-26T00:38:11+05:30
disawar,2026-03-03,49,satta-king-fast,2026-09-26T00:38:11+05:30
faridabad,2026-03-03,6,satta-company+satta-king-fast+satta-xpress+sattacom,2026-09-26T00:38:11+05:30
ghaziabad,2026-03-03,13,satta-king-fast,2026-09-26T00:38:11+05:30
gali,2026-03-03,17,satta-king-fast,2026-09-26T00:38:11+05:30
disawar,2026-03-04,19,satta-king-fast,2026-09-26T00:38:11+05:30
faridabad,2026-03-04,66,satta-company+satta-king-fast+satta-xpress+sattacom,2026-09-26T00:38:11+05:30
ghaziabad,2026-03-04,65,satta-king-fast,2026-09-26T00:38:11+05:30
gali,2026-03-04,90,satta-king-fast,2026-09-26T00:38:11+05:30
disawar,2026-03-05,54,satta-king-fast,2026-09-26T00:38:11+05:30
faridabad,2026-03-05,7,satta-company+satta-king-fast+satta-xpress+sattacom,2026-09-26T00:38:11+05:30
ghaziabad,2026-03-05,46,satta-king-fast,2026-09-26T00:38:11+05:30
gali,2026-03-05,74,satta-king-fast,2026-09-26T00:38:11+05:30
disawar,2026-03-06,36,satta-king-fast,2026-09-26T00:38:11+05:30
faridabad,2026-03-06,36,satta-company+satta-king-fast+satta-xpress+sattacom,2026-09-26T00:38:11+05:30
ghaziabad,2026-03-06,2,satta-king-fast,2026-09-26T00:38:11+05:30
gali,2026-03-06,45,satta-king-fast,2026-09-26T00:38:11+05:30
disawar,2026-03-07,38,satta-king-fast,2026-09-26T00:38:11+05:30
faridabad,2026-03-07,62,satta-company+satta-king-fast+satta-xpress+sattacom,2026-09-26T00:38:11+05:30
ghaziabad,2026-03-07,60,satta-king-fast,2026-09-26T00:38:11+05:30
gali,2026-03-07,22,satta-king-fast,2026-09-26T00:38:11+05:30
disawar,2026-03-08,45,satta-king-fast,2026-09-26T00:38:11+05:30
faridabad,2026-03-08,29,satta-company+satta-king-fast+satta-xpress+sattacom,2026-09-26T00:38:11+05:30
ghaziabad,2026-03-08,78,satta-king-fast,2026-09-26T00:38:11+05:30
gali,2026-03-08,51,satta-king-fast,2026-09-26T00:38:11+05:30
disawar,2026-03-09,65,satta-king-fast,2026-09-26T00:38:11+05:30
faridabad,2026-03-09,46,satta-company+satta-king-fast+satta-xpress+sattacom,2026-09-26T00:38:11+05:30
ghaziabad,2026-03-09,26,satta-king-fast,2026-09-26T00:38:11+05:30
gali,2026-03-09,99,satta-king-fast,2026-09-26T00:38:11+05:30
disawar,2026-03-10,49,satta-king-fast,2026-09-26T00:38:11+05:30
faridabad,2026-03-10,79,satta-company+satta-king-fast+satta-xpress+sattacom,2026-09-26T00:38:11+05:30
ghaziabad,2026-03-10,74,satta-king-fast,2026-09-26T00:38:11+05:30
gali,2026-03-10,64,satta-king-fast,2026-09-26T00:38:11+05:30
disawar,2026-03-11,9,satta-king-fast,2026-09-26T00:38:11+05:30
faridabad,2026-03-11,28,satta-company+satta-king-fast+satta-xpress+sattacom,2026-09-26T00:38:11+05:30
ghaziabad,2026-03-11,58,satta-king-fast,2026-09-26T00:38:11+05:30
gali,2026-03-11,24,satta-king-fast,2026-09-26T00:38:11+05:30
disawar,2026-03-12,25,satta-king-fast,2026-09-26T00:38:11+05:30
faridabad,2026-03-12,90,satta-company+satta-king-fast+satta-xpress+sattacom,2026-09-26T00:38:11+05:30
ghaziabad,2026-03-12,18,satta-king-fast,2026-09-26T00:38:11+05:30
gali,2026-03-12,9,satta-king-fast,2026-09-26T00:38:11+05:30
disawar,2026-03-13,3,satta-king-fast,2026-09-26T00:38:11+05:30
faridabad,2026-03-13,49,satta-company+satta-king-fast+satta-xpress+sattacom,2026-09-26T00:38:11+05:30
ghaziabad,2026-03-13,72,satta-king-fast,2026-09-26T00:38:11+05:30
gali,2026-03-13,20,satta-king-fast,2026-09-26T00:38:11+05:30
disawar,2026-03-14,95,satta-king-fast,2026-09-26T00:38:11+05:30
faridabad,2026-03-14,82,satta-company+satta-king-fast+satta-xpress+sattacom,2026-09-26T00:38:11+05:30
ghaziabad,2026-03-14,75,satta-king-fast,2026-09-26T00:38:11+05:30
gali,2026-03-14,74,satta-king-fast,2026-09-26T00:38:11+05:30
disawar,2026-03-15,39,satta-king-fast,2026-09-26T00:38:11+05:30
faridabad,2026-03-15,39,satta-company+satta-king-fast+satta-xpress+sattacom,2026-09-26T00:38:11+05:30
ghaziabad,2026-03-15,27,satta-king-fast,2026-09-26T00:38:11+05:30
gali,2026-03-15,82,satta-king-fast,2026-09-26T00:38:11+05:30
disawar,2026-03-16,28,satta-king-fast,2026-09-26T00:38:11+05:30
faridabad,2026-03-16,68,satta-company+satta-king-fast+satta-xpress+sattacom,2026-09-26T00:38:11+05:30
ghaziabad,2026-03-16,12,satta-king-fast,2026-09-26T00:38:11+05:30
gali,2026-03-16,17,satta-king-fast,2026-09-26T00:38:11+05:30
disawar,2026-03-17,47,satta-king-fast,2026-09-26T00:38:11+05:30
faridabad,2026-03-17,58,satta-company+satta-king-fast+satta-xpress+sattacom,2026-09-26T00:38:11+05:30
ghaziabad,2026-03-17,26,satta-king-fast,2026-09-26T00:38:11+05:30
gali,2026-03-17,45,satta-king-fast,2026-09-26T00:38:11+05:30
disawar,2026-03-18,82,satta-king-fast,2026-09-26T00:38:11+05:30
faridabad,2026-03-18,90,satta-company+satta-king-fast+satta-xpress+sattacom,2026-09-26T00:38:11+05:30
ghaziabad,2026-03-18,76,satta-king-fast,2026-09-26T00:38:11+05:30
gali,2026-03-18,76,satta-king-fast,2026-09-26T00:38:11+05:30
disawar,2026-03-19,50,satta-king-fast,2026-09-26T00:38:11+05:30
faridabad,2026-03-19,87,satta-company+satta-king-fast+satta-xpress+sattacom,2026-09-26T00:38:11+05:30
ghaziabad,2026-03-19,26,satta-king-fast,2026-09-26T00:38:11+05:30
gali,2026-03-19,43,satta-king-fast,2026-09-26T00:38:11+05:30
disawar,2026-03-20,12,satta-king-fast,2026-09-26T00:38:11+05:30
faridabad,2026-03-20,74,satta-company+satta-king-fast+satta-xpress+sattacom,2026-09-26T00:38:11+05:30
ghaziabad,2026-03-20,23,satta-king-fast,2026-09-26T00:38:11+05:30
gali,2026-03-20,85,satta-king-fast,2026-09-26T00:38:11+05:30
disawar,2026-03-21,16,satta-king-fast,2026-09-26T00:38:11+05:30
faridabad,2026-03-21,49,satta-company+satta-king-fast+satta-xpress+sattacom,2026-09-26T00:38:11+05:30
ghaziabad,2026-03-21,17,satta-king-fast,2026-09-26T00:38:11+05:30
gali,2026-03-21,1,satta-king-fast,2026-09-26T00:38:11+05:30
disawar,2026-03-22,70,satta-king-fast,2026-09-26T00:38:11+05:30
faridabad,2026-03-22,40,satta-company+satta-king-fast+satta-xpress+sattacom,2026-09-26T00:38:11+05:30
ghaziabad,2026-03-22,28,satta-king-fast,2026-09-26T00:38:11+05:30
gali,2026-03-22,70,satta-king-fast,2026-09-26T00:38:11+05:30
disawar,2026-03-23,27,satta-king-fast,2026-09-26T00:38:11+05:30
faridabad,2026-03-23,59,satta-company+satta-king-fast+satta-xpress+sattacom,2026-09-26T00:38:11+05:30
ghaziabad,2026-03-23,10,satta-king-fast,2026-09-26T00:38:11+05:30
gali,2026-03-23,86,satta-king-fast,2026-09-26T00:38:11+05:30
disawar,2026-03-24,66,satta-king-fast,2026-09-26T00:38:11+05:30
faridabad,2026-03-24,28,satta-company+satta-king-fast+satta-xpress+sattacom,2026-09-26T00:38:11+05:30
ghaziabad,2026-03-24,75,satta-king-fast,2026-09-26T00:38:11+05:30
gali,2026-03-24,82,satta-king-fast,2026-09-26T00:38:11+05:30
disawar,2026-03-25,13,satta-king-fast,2026-09-26T00:38:11+05:30
faridabad,2026-03-25,48,satta-company+satta-king-fast+satta-xpress+sattacom,2026-09-26T00:38:11+05:30
ghaziabad,2026-03-25,70,satta-king-fast,2026-09-26T00:38:11+05:30
gali,2026-03-25,30,satta-king-fast,2026-09-26T00:38:11+05:30
disawar,2026-03-26,92,satta-king-fast,2026-09-26T00:38:11+05:30
faridabad,2026-03-26,43,satta-company+satta-king-fast+satta-xpress+sattacom,2026-09-26T00:38:11+05:30
ghaziabad,2026-03-26,34,satta-king-fast,2026-09-26T00:38:11+05:30
gali,2026-03-26,68,satta-king-fast,2026-09-26T00:38:11+05:30
disawar,2026-03-27,26,satta-king-fast,2026-09-26T00:38:11+05:30
faridabad,2026-03-27,82,satta-company+satta-king-fast+satta-xpress+sattacom,2026-09-26T00:38:11+05:30
ghaziabad,2026-03-27,43,satta-king-fast,2026-09-26T00:38:11+05:30
gali,2026-03-27,83,satta-king-fast,2026-09-26T00:38:11+05:30
disawar,2026-03-28,40,satta-king-fast,2026-09-26T00:38:11+05:30
faridabad,2026-03-28,35,satta-company+satta-king-fast+satta-xpress+sattacom,2026-09-26T00:38:11+05:30
ghaziabad,2026-03-28,5,satta-king-fast,2026-09-26T00:38:11+05:30
gali,2026-03-28,26,satta-king-fast,2026-09-26T00:38:11+05:30
disawar,2026-03-29,93,satta-king-fast,2026-09-26T00:38:11+05:30
faridabad,2026-03-29,0,satta-company+satta-king-fast+satta-xpress+sattacom,2026-09-26T00:38:11+05:30
ghaziabad,2026-03-29,14,satta-king-fast,2026-09-26T00:38:11+05:30
gali,2026-03-29,21,satta-king-fast,2026-09-26T00:38:11+05:30
disawar,2026-03-30,23,satta-king-fast,2026-09-26T00:38:11+05:30
faridabad,2026-03-30,84,satta-company+satta-king-fast+satta-xpress+sattacom,2026-09-26T00:38:11+05:30
ghaziabad,2026-03-30,20,satta-king-fast,2026-09-26T00:38:11+05:30
gali,2026-03-30,39,satta-king-fast,2026-09-26T00:38:11+05:30
disawar,2026-03-31,81,satta-king-fast,2026-09-26T00:38:11+05:30
faridabad,2026-04-01,35,satta-company+satta-king-fast+satta-xpress+sattacom,2026-09-26T00:38:11+05:30
ghaziabad,2026-04-01,12,satta-king-fast,2026-09-26T00:38:11+05:30
gali,2026-04-01,97,satta-king-fast,2026-09-26T00:38:11+05:30
disawar,2026-04-02,81,satta-king-fast,2026-09-26T00:38:11+05:30
faridabad,2026-04-02,33,satta-company+satta-king-fast+satta-xpress+sattacom,2026-09-26T00:38:11+05:30
ghaziabad,2026-04-02,78,satta-king-fast,2026-09-26T00:38:11+05:30
gali,2026-04-02,63,satta-king-fast,2026-09-26T00:38:11+05:30
disawar,2026-04-03,41,satta-king-fast,2026-09-26T00:38:11+05:30
faridabad,2026-04-03,99,satta-company+satta-king-fast+satta-xpress+sattacom,2026-09-26T00:38:11+05:30
ghaziabad,2026-04-03,0,satta-king-fast,2026-09-26T00:38:11+05:30
gali,2026-04-03,62,satta-king-fast,2026-09-26T00:38:11+05:30
disawar,2026-04-04,97,satta-king-fast,2026-09-26T00:38:11+05:30
faridabad,2026-04-04,59,satta-company+satta-king-fast+satta-xpress+sattacom,2026-09-26T00:38:11+05:30
ghaziabad,2026-04-04,77,satta-king-fast,2026-09-26T00:38:11+05:30
gali,2026-04-04,75,satta-king-fast,2026-09-26T00:38:11+05:30
disawar,2026-04-05,71,satta-king-fast,2026-09-26T00:38:11+05:30
faridabad,2026-04-05,29,satta-company+satta-king-fast+satta-xpress+sattacom,2026-09-26T00:38:11+05:30
ghaziabad,2026-04-05,17,satta-king-fast,2026-09-26T00:38:11+05:30
gali,2026-04-05,59,satta-king-fast,2026-09-26T00:38:11+05:30
disawar,2026-04-06,47,satta-king-fast,2026-09-26T00:38:11+05:30
faridabad,2026-04-06,39,satta-company+satta-king-fast+satta-xpress+sattacom,2026-09-26T00:38:11+05:30
ghaziabad,2026-04-06,59,satta-king-fast,2026-09-26T00:38:11+05:30
gali,2026-04-06,46,satta-king-fast,2026-09-26T00:38:11+05:30
disawar,2026-04-07,44,satta-king-fast,2026-09-26T00:38:11+05:30
faridabad,2026-04-07,7,satta-company+satta-king-fast+satta-xpress+sattacom,2026-09-26T00:38:11+05:30
ghaziabad,2026-04-07,26,satta-king-fast,2026-09-26T00:38:11+05:30
gali,2026-04-07,1,satta-king-fast,2026-09-26T00:38:11+05:30
disawar,2026-04-08,5,satta-king-fast,2026-09-26T00:38:11+05:30
faridabad,2026-04-08,91,satta-company+satta-king-fast+satta-xpress+sattacom,2026-09-26T00:38:11+05:30
ghaziabad,2026-04-08,88,satta-king-fast,2026-09-26T00:38:11+05:30
gali,2026-04-08,42,satta-king-fast,2026-09-26T00:38:11+05:30
disawar,2026-04-09,67,satta-king-fast,2026-09-26T00:38:11+05:30
faridabad,2026-04-09,47,satta-company+satta-king-fast+satta-xpress+sattacom,2026-09-26T00:38:11+05:30
ghaziabad,2026-04-09,97,satta-king-fast,2026-09-26T00:38:11+05:30
gali,2026-04-09,47,satta-king-fast,2026-09-26T00:38:11+05:30
disawar,2026-04-10,85,satta-king-fast,2026-09-26T00:38:11+05:30
faridabad,2026-04-10,5,satta-company+satta-king-fast+satta-xpress+sattacom,2026-09-26T00:38:11+05:30
ghaziabad,2026-04-10,77,satta-king-fast,2026-09-26T00:38:11+05:30
gali,2026-04-10,11,satta-king-fast,2026-09-26T00:38:11+05:30
disawar,2026-04-11,85,satta-king-fast,2026-09-26T00:38:11+05:30
faridabad,2026-04-11,4,satta-company+satta-king-fast+satta-xpress+sattacom,2026-09-26T00:38:11+05:30
ghaziabad,2026-04-11,53,satta-king-fast,2026-09-26T00:38:11+05:30
gali,2026-04-11,24,satta-king-fast,2026-09-26T00:38:11+05:30
disawar,2026-04-12,92,satta-king-fast,2026-09-26T00:38:11+05:30
faridabad,2026-04-12,65,satta-king-fast+sattacom,2026-09-26T00:38:11+05:30
ghaziabad,2026-04-12,52,satta-king-fast,2026-09-26T00:38:11+05:30
gali,2026-04-12,6,satta-king-fast,2026-09-26T00:38:11+05:30
disawar,2026-04-13,82,satta-king-fast,2026-09-26T00:38:11+05:30
faridabad,2026-04-13,33,satta-company+satta-king-fast+satta-xpress+sattacom,2026-09-26T00:38:11+05:30
ghaziabad,2026-04-13,14,satta-king-fast,2026-09-26T00:38:11+05:30
gali,2026-04-13,39,satta-king-fast,2026-09-26T00:38:11+05:30
disawar,2026-04-14,0,satta-king-fast,2026-09-26T00:38:11+05:30
faridabad,2026-04-14,4,satta-company+satta-king-fast+satta-xpress+sattacom,2026-09-26T00:38:11+05:30
ghaziabad,2026-04-14,73,satta-king-fast,2026-09-26T00:38:11+05:30
gali,2026-04-14,2,satta-king-fast,2026-09-26T00:38:11+05:30
disawar,2026-04-15,49,satta-king-fast,2026-09-26T00:38:11+05:30
faridabad,2026-04-15,64,satta-company+satta-king-fast+satta-xpress+sattacom,2026-09-26T00:38:11+05:30
ghaziabad,2026-04-15,19,satta-king-fast,2026-09-26T00:38:11+05:30
gali,2026-04-15,82,satta-king-fast,2026-09-26T00:38:11+05:30
disawar,2026-04-16,93,satta-king-fast,2026-09-26T00:38:11+05:30
faridabad,2026-04-16,3,satta-company+satta-king-fast+satta-xpress+sattacom,2026-09-26T00:38:11+05:30
ghaziabad,2026-04-16,14,satta-king-fast,2026-09-26T00:38:11+05:30
gali,2026-04-16,15,satta-king-fast,2026-09-26T00:38:11+05:30
disawar,2026-04-17,99,satta-king-fast,2026-09-26T00:38:11+05:30
faridabad,2026-04-17,44,satta-company+satta-king-fast+satta-xpress+sattacom,2026-09-26T00:38:11+05:30
ghaziabad,2026-04-17,47,satta-king-fast,2026-09-26T00:38:11+05:30
gali,2026-04-17,40,satta-king-fast,2026-09-26T00:38:11+05:30
disawar,2026-04-18,15,satta-king-fast,2026-09-26T00:38:11+05:30
faridabad,2026-04-18,21,satta-company+satta-king-fast+satta-xpress+sattacom,2026-09-26T00:38:11+05:30
ghaziabad,2026-04-18,62,satta-king-fast,2026-09-26T00:38:11+05:30
gali,2026-04-18,69,satta-king-fast,2026-09-26T00:38:11+05:30
disawar,2026-04-19,93,satta-king-fast,2026-09-26T00:38:11+05:30
faridabad,2026-04-19,60,satta-company+satta-king-fast+satta-xpress+sattacom,2026-09-26T00:38:11+05:30
ghaziabad,2026-04-19,79,satta-king-fast,2026-09-26T00:38:11+05:30
gali,2026-04-19,46,satta-king-fast,2026-09-26T00:38:11+05:30
disawar,2026-04-20,87,satta-king-fast,2026-09-26T00:38:11+05:30
faridabad,2026-04-20,64,satta-company+satta-king-fast+satta-xpress+sattacom,2026-09-26T00:38:11+05:30
ghaziabad,2026-04-20,34,satta-king-fast,2026-09-26T00:38:11+05:30
gali,2026-04-20,62,satta-king-fast,2026-09-26T00:38:11+05:30
disawar,2026-04-21,41,satta-king-fast,2026-09-26T00:38:11+05:30
faridabad,2026-04-21,4,satta-company+satta-king-fast+satta-xpress+sattacom,2026-09-26T00:38:11+05:30
ghaziabad,2026-04-21,8,satta-king-fast,2026-09-26T00:38:11+05:30
gali,2026-04-21,25,satta-king-fast,2026-09-26T00:38:11+05:30
disawar,2026-04-22,62,satta-king-fast,2026-09-26T00:38:11+05:30
faridabad,2026-04-22,60,satta-company+satta-king-fast+satta-xpress+sattacom,2026-09-26T00:38:11+05:30
ghaziabad,2026-04-22,21,satta-king-fast,2026-09-26T00:38:11+05:30
gali,2026-04-22,95,satta-king-fast,2026-09-26T00:38:11+05:30
disawar,2026-04-23,44,satta-king-fast,2026-09-26T00:38:11+05:30
faridabad,2026-04-23,68,satta-company+satta-king-fast+satta-xpress+sattacom,2026-09-26T00:38:11+05:30
ghaziabad,2026-04-23,51,satta-king-fast,2026-09-26T00:38:11+05:30
gali,2026-04-23,33,satta-king-fast,2026-09-26T00:38:11+05:30
disawar,2026-04-24,79,satta-king-fast,2026-09-26T00:38:11+05:30
faridabad,2026-04-24,91,satta-company+satta-king-fast+satta-xpress+sattacom,2026-09-26T00:38:11+05:30
ghaziabad,2026-04-24,20,satta-king-fast,2026-09-26T00:38:11+05:30
gali,2026-04-24,14,satta-king-fast,2026-09-26T00:38:11+05:30
disawar,2026-04-25,11,satta-king-fast,2026-09-26T00:38:11+05:30
faridabad,2026-04-25,59,satta-company+satta-king-fast+satta-xpress+sattacom,2026-09-26T00:38:11+05:30
ghaziabad,2026-04-25,76,satta-king-fast,2026-09-26T00:38:11+05:30
gali,2026-04-25,38,satta-king-fast,2026-09-26T00:38:11+05:30
disawar,2026-04-26,88,satta-king-fast,2026-09-26T00:38:11+05:30
faridabad,2026-04-26,31,satta-company+satta-king-fast+satta-xpress+sattacom,2026-09-26T00:38:11+05:30
ghaziabad,2026-04-26,35,satta-king-fast,2026-09-26T00:38:11+05:30
gali,2026-04-26,9,satta-king-fast,2026-09-26T00:38:11+05:30
disawar,2026-04-27,15,satta-king-fast,2026-09-26T00:38:11+05:30
faridabad,2026-04-27,65,satta-company+satta-king-fast+satta-xpress+sattacom,2026-09-26T00:38:11+05:30
ghaziabad,2026-04-27,54,satta-king-fast,2026-09-26T00:38:11+05:30
gali,2026-04-27,19,satta-king-fast,2026-09-26T00:38:11+05:30
disawar,2026-04-28,44,satta-king-fast,2026-09-26T00:38:11+05:30
faridabad,2026-04-28,25,satta-company+satta-king-fast+satta-xpress+sattacom,2026-09-26T00:38:11+05:30
ghaziabad,2026-04-28,3,satta-king-fast,2026-09-26T00:38:11+05:30
gali,2026-04-28,8,satta-king-fast,2026-09-26T00:38:11+05:30
disawar,2026-04-29,56,satta-king-fast,2026-09-26T00:38:11+05:30
faridabad,2026-04-29,13,satta-company+satta-king-fast+satta-xpress+sattacom,2026-09-26T00:38:11+05:30
ghaziabad,2026-04-29,11,satta-king-fast,2026-09-26T00:38:11+05:30
gali,2026-04-29,85,satta-king-fast,2026-09-26T00:38:11+05:30
disawar,2026-04-30,56,satta-king-fast,2026-09-26T00:38:11+05:30
faridabad,2026-05-01,63,satta-company+satta-king-fast+satta-xpress+sattacom,2026-09-26T00:38:11+05:30
ghaziabad,2026-05-01,15,satta-king-fast,2026-09-26T00:38:11+05:30
gali,2026-05-01,54,satta-king-fast,2026-09-26T00:38:11+05:30
disawar,2026-05-02,79,satta-king-fast,2026-09-26T00:38:11+05:30
faridabad,2026-05-02,72,satta-company+satta-king-fast+satta-xpress+sattacom,2026-09-26T00:38:11+05:30
ghaziabad,2026-05-02,79,satta-king-fast,2026-09-26T00:38:11+05:30
gali,2026-05-02,42,satta-king-fast,2026-09-26T00:38:11+05:30
disawar,2026-05-03,0,satta-king-fast,2026-09-26T00:38:11+05:30
faridabad,2026-05-03,84,satta-company+satta-king-fast+satta-xpress+sattacom,2026-09-26T00:38:11+05:30
ghaziabad,2026-05-03,93,satta-king-fast,2026-09-26T00:38:11+05:30
gali,2026-05-03,74,satta-king-fast,2026-09-26T00:38:11+05:30
disawar,2026-05-04,27,satta-king-fast,2026-09-26T00:38:11+05:30
faridabad,2026-05-04,8,satta-company+satta-king-fast+satta-xpress+sattacom,2026-09-26T00:38:11+05:30
ghaziabad,2026-05-04,78,satta-king-fast,2026-09-26T00:38:11+05:30
gali,2026-05-04,14,satta-king-fast,2026-09-26T00:38:11+05:30
disawar,2026-05-05,6,satta-king-fast,2026-09-26T00:38:11+05:30
faridabad,2026-05-05,12,satta-company+satta-king-fast+satta-xpress+sattacom,2026-09-26T00:38:11+05:30
ghaziabad,2026-05-05,15,satta-king-fast,2026-09-26T00:38:11+05:30
gali,2026-05-05,87,satta-king-fast,2026-09-26T00:38:11+05:30
disawar,2026-05-06,3,satta-king-fast,2026-09-26T00:38:11+05:30
faridabad,2026-05-06,70,satta-company+satta-king-fast+satta-xpress+sattacom,2026-09-26T00:38:11+05:30
ghaziabad,2026-05-06,92,satta-king-fast,2026-09-26T00:38:11+05:30
gali,2026-05-06,38,satta-king-fast,2026-09-26T00:38:11+05:30
disawar,2026-05-07,84,satta-king-fast,2026-09-26T00:38:11+05:30
faridabad,2026-05-07,69,satta-company+satta-king-fast+satta-xpress+sattacom,2026-09-26T00:38:11+05:30
ghaziabad,2026-05-07,47,satta-king-fast,2026-09-26T00:38:11+05:30
gali,2026-05-07,33,satta-king-fast,2026-09-26T00:38:11+05:30
disawar,2026-05-08,6,satta-king-fast,2026-09-26T00:38:11+05:30
faridabad,2026-05-08,48,satta-company+satta-king-fast+satta-xpress+sattacom,2026-09-26T00:38:11+05:30
ghaziabad,2026-05-08,33,satta-king-fast,2026-09-26T00:38:11+05:30
gali,2026-05-08,97,satta-king-fast,2026-09-26T00:38:11+05:30
disawar,2026-05-09,19,satta-king-fast,2026-09-26T00:38:11+05:30
faridabad,2026-05-09,86,satta-company+satta-king-fast+satta-xpress+sattacom,2026-09-26T00:38:11+05:30
ghaziabad,2026-05-09,44,satta-king-fast,2026-09-26T00:38:11+05:30
gali,2026-05-09,64,satta-king-fast,2026-09-26T00:38:11+05:30
disawar,2026-05-10,62,satta-king-fast,2026-09-26T00:38:11+05:30
faridabad,2026-05-10,46,satta-company+satta-king-fast+satta-xpress+sattacom,2026-09-26T00:38:11+05:30
ghaziabad,2026-05-10,86,satta-king-fast,2026-09-26T00:38:11+05:30
gali,2026-05-10,56,satta-king-fast,2026-09-26T00:38:11+05:30
disawar,2026-05-11,10,satta-king-fast,2026-09-26T00:38:11+05:30
faridabad,2026-05-11,22,satta-company+satta-king-fast+satta-xpress+sattacom,2026-09-26T00:38:11+05:30
ghaziabad,2026-05-11,43,satta-king-fast,2026-09-26T00:38:11+05:30
gali,2026-05-11,83,satta-king-fast,2026-09-26T00:38:11+05:30
disawar,2026-05-12,8,satta-king-fast,2026-09-26T00:38:11+05:30
faridabad,2026-05-12,28,satta-company+satta-king-fast+satta-xpress+sattacom,2026-09-26T00:38:11+05:30
ghaziabad,2026-05-12,43,satta-king-fast,2026-09-26T00:38:11+05:30
gali,2026-05-12,47,satta-king-fast,2026-09-26T00:38:11+05:30
disawar,2026-05-13,46,satta-king-fast,2026-09-26T00:38:11+05:30
faridabad,2026-05-13,1,satta-company+satta-king-fast+satta-xpress+sattacom,2026-09-26T00:38:11+05:30
ghaziabad,2026-05-13,8,satta-king-fast,2026-09-26T00:38:11+05:30
gali,2026-05-13,58,satta-king-fast,2026-09-26T00:38:11+05:30
disawar,2026-05-14,76,satta-king-fast,2026-09-26T00:38:11+05:30
faridabad,2026-05-14,5,satta-company+satta-king-fast+satta-xpress+sattacom,2026-09-26T00:38:11+05:30
ghaziabad,2026-05-14,27,satta-king-fast,2026-09-26T00:38:11+05:30
gali,2026-05-14,58,satta-king-fast,2026-09-26T00:38:11+05:30
disawar,2026-05-15,74,satta-king-fast,2026-09-26T00:38:11+05:30
faridabad,2026-05-15,9,satta-company+satta-king-fast+satta-xpress+sattacom,2026-09-26T00:38:11+05:30
ghaziabad,2026-05-15,17,satta-king-fast,2026-09-26T00:38:11+05:30
gali,2026-05-15,35,satta-king-fast,2026-09-26T00:38:11+05:30
disawar,2026-05-16,73,satta-king-fast,2026-09-26T00:38:11+05:30
faridabad,2026-05-16,80,satta-company+satta-king-fast+satta-xpress+sattacom,2026-09-26T00:38:11+05:30
ghaziabad,2026-05-16,6,satta-king-fast,2026-09-26T00:38:11+05:30
gali,2026-05-16,72,satta-king-fast,2026-09-26T00:38:11+05:30
disawar,2026-05-17,76,satta-king-fast,2026-09-26T00:38:11+05:30
faridabad,2026-05-17,69,satta-company+satta-king-fast+satta-xpress+sattacom,2026-09-26T00:38:11+05:30
ghaziabad,2026-05-17,54,satta-king-fast,2026-09-26T00:38:11+05:30
gali,2026-05-17,85,satta-king-fast,2026-09-26T00:38:11+05:30
disawar,2026-05-18,88,satta-king-fast,2026-09-26T00:38:11+05:30
faridabad,2026-05-18,13,satta-company+satta-king-fast+satta-xpress+sattacom,2026-09-26T00:38:11+05:30
ghaziabad,2026-05-18,81,satta-king-fast,2026-09-26T00:38:11+05:30
gali,2026-05-18,46,satta-king-fast,2026-09-26T00:38:11+05:30
disawar,2026-05-19,39,satta-king-fast,2026-09-26T00:38:11+05:30
faridabad,2026-05-19,49,satta-company+satta-king-fast+satta-xpress+sattacom,2026-09-26T00:38:11+05:30
ghaziabad,2026-05-19,83,satta-king-fast,2026-09-26T00:38:11+05:30
gali,2026-05-19,86,satta-king-fast,2026-09-26T00:38:11+05:30
disawar,2026-05-20,74,satta-king-fast,2026-09-26T00:38:11+05:30
faridabad,2026-05-20,79,satta-company+satta-king-fast+satta-xpress+sattacom,2026-09-26T00:38:11+05:30
ghaziabad,2026-05-20,10,satta-king-fast,2026-09-26T00:38:11+05:30
gali,2026-05-20,19,satta-king-fast,2026-09-26T00:38:11+05:30
disawar,2026-05-21,96,satta-king-fast,2026-09-26T00:38:11+05:30
faridabad,2026-05-21,53,satta-company+satta-king-fast+satta-xpress+sattacom,2026-09-26T00:38:11+05:30
ghaziabad,2026-05-21,17,satta-king-fast,2026-09-26T00:38:11+05:30
gali,2026-05-21,60,satta-king-fast,2026-09-26T00:38:11+05:30
disawar,2026-05-22,71,satta-king-fast,2026-09-26T00:38:11+05:30
faridabad,2026-05-22,1,satta-company+satta-king-fast+satta-xpress+sattacom,2026-09-26T00:38:11+05:30
ghaziabad,2026-05-22,0,satta-king-fast,2026-09-26T00:38:11+05:30
gali,2026-05-22,43,satta-king-fast,2026-09-26T00:38:11+05:30
disawar,2026-05-23,16,satta-king-fast,2026-09-26T00:38:11+05:30
faridabad,2026-05-23,77,satta-company+satta-king-fast+satta-xpress+sattacom,2026-09-26T00:38:11+05:30
ghaziabad,2026-05-23,18,satta-king-fast,2026-09-26T00:38:11+05:30
gali,2026-05-23,23,satta-king-fast,2026-09-26T00:38:11+05:30
disawar,2026-05-24,97,satta-king-fast,2026-09-26T00:38:11+05:30
faridabad,2026-05-24,21,satta-company+satta-king-fast+satta-xpress+sattacom,2026-09-26T00:38:11+05:30
ghaziabad,2026-05-24,88,satta-king-fast,2026-09-26T00:38:11+05:30
gali,2026-05-24,21,satta-king-fast,2026-09-26T00:38:11+05:30
disawar,2026-05-25,73,satta-king-fast,2026-09-26T00:38:11+05:30
faridabad,2026-05-25,54,satta-company+satta-king-fast+satta-xpress+sattacom,2026-09-26T00:38:11+05:30
ghaziabad,2026-05-25,86,satta-king-fast,2026-09-26T00:38:11+05:30
gali,2026-05-25,72,satta-king-fast,2026-09-26T00:38:11+05:30
disawar,2026-05-26,9,satta-king-fast,2026-09-26T00:38:11+05:30
faridabad,2026-05-26,13,satta-company+satta-king-fast+satta-xpress+sattacom,2026-09-26T00:38:11+05:30
ghaziabad,2026-05-26,8,satta-king-fast,2026-09-26T00:38:11+05:30
gali,2026-05-26,79,satta-king-fast,2026-09-26T00:38:11+05:30
disawar,2026-05-27,83,satta-king-fast,2026-09-26T00:38:11+05:30
faridabad,2026-05-27,45,satta-company+satta-king-fast+satta-xpress+sattacom,2026-09-26T00:38:11+05:30
ghaziabad,2026-05-27,45,satta-king-fast,2026-09-26T00:38:11+05:30
gali,2026-05-27,17,satta-king-fast,2026-09-26T00:38:11+05:30
disawar,2026-05-28,64,satta-king-fast,2026-09-26T00:38:11+05:30
faridabad,2026-05-28,25,satta-company+satta-king-fast+satta-xpress+sattacom,2026-09-26T00:38:11+05:30
ghaziabad,2026-05-28,41,satta-king-fast,2026-09-26T00:38:11+05:30
gali,2026-05-28,81,satta-king-fast,2026-09-26T00:38:11+05:30
disawar,2026-05-29,53,satta-king-fast,2026-09-26T00:38:11+05:30
faridabad,2026-05-29,76,satta-company+satta-king-fast+satta-xpress+sattacom,2026-09-26T00:38:11+05:30
ghaziabad,2026-05-29,65,satta-king-fast,2026-09-26T00:38:11+05:30
gali,2026-05-29,6,satta-king-fast,2026-09-26T00:38:11+05:30
disawar,2026-05-30,71,satta-king-fast,2026-09-26T00:38:11+05:30
faridabad,2026-05-30,43,satta-company+satta-king-fast+satta-xpress+sattacom,2026-09-26T00:38:11+05:30
ghaziabad,2026-05-30,76,satta-king-fast,2026-09-26T00:38:11+05:30
gali,2026-05-30,78,satta-king-fast,2026-09-26T00:38:11+05:30
disawar,2026-05-31,36,satta-king-fast,2026-09-26T00:38:11+05:30
faridabad,2026-06-01,3,satta-company+satta-king-fast+satta-xpress+sattacom,2026-09-26T00:38:11+05:30
ghaziabad,2026-06-01,52,satta-king-fast,2026-09-26T00:38:11+05:30
gali,2026-06-01,53,satta-king-fast,2026-09-26T00:38:11+05:30
disawar,2026-06-02,11,satta-king-fast,2026-09-26T00:38:11+05:30
faridabad,2026-06-02,51,satta-company+satta-king-fast+satta-xpress+sattacom,2026-09-26T00:38:11+05:30
ghaziabad,2026-06-02,29,satta-king-fast,2026-09-26T00:38:11+05:30
gali,2026-06-02,50,satta-king-fast,2026-09-26T00:38:11+05:30
disawar,2026-06-03,48,satta-king-fast,2026-09-26T00:38:11+05:30
faridabad,2026-06-03,65,satta-company+satta-king-fast+satta-xpress+sattacom,2026-09-26T00:38:11+05:30
ghaziabad,2026-06-03,85,satta-king-fast,2026-09-26T00:38:11+05:30
gali,2026-06-03,2,satta-king-fast,2026-09-26T00:38:11+05:30
disawar,2026-06-04,47,satta-king-fast,2026-09-26T00:38:11+05:30
faridabad,2026-06-04,4,satta-company+satta-king-fast+satta-xpress+sattacom,2026-09-26T00:38:11+05:30
ghaziabad,2026-06-04,78,satta-king-fast,2026-09-26T00:38:11+05:30
gali,2026-06-04,16,satta-king-fast,2026-09-26T00:38:11+05:30
disawar,2026-06-05,78,satta-king-fast,2026-09-26T00:38:11+05:30
faridabad,2026-06-05,72,satta-company+satta-king-fast+satta-xpress+sattacom,2026-09-26T00:38:11+05:30
ghaziabad,2026-06-05,72,satta-king-fast,2026-09-26T00:38:11+05:30
gali,2026-06-05,16,satta-king-fast,2026-09-26T00:38:11+05:30
disawar,2026-06-06,10,satta-king-fast,2026-09-26T00:38:11+05:30
faridabad,2026-06-06,32,satta-company+satta-king-fast+satta-xpress+sattacom,2026-09-26T00:38:11+05:30
ghaziabad,2026-06-06,66,satta-king-fast,2026-09-26T00:38:11+05:30
gali,2026-06-06,55,satta-king-fast,2026-09-26T00:38:11+05:30
disawar,2026-06-07,28,satta-king-fast,2026-09-26T00:38:11+05:30
faridabad,2026-06-07,88,satta-company+satta-king-fast+satta-xpress+sattacom,2026-09-26T00:38:11+05:30
ghaziabad,2026-06-07,32,satta-king-fast,2026-09-26T00:38:11+05:30
gali,2026-06-07,78,satta-king-fast,2026-09-26T00:38:11+05:30
disawar,2026-06-08,62,satta-king-fast,2026-09-26T00:38:11+05:30
faridabad,2026-06-08,39,satta-company+satta-king-fast+satta-xpress+sattacom,2026-09-26T00:38:11+05:30
ghaziabad,2026-06-08,70,satta-king-fast,2026-09-26T00:38:11+05:30
gali,2026-06-08,66,satta-king-fast,2026-09-26T00:38:11+05:30
disawar,2026-06-09,26,satta-king-fast,2026-09-26T00:38:11+05:30
faridabad,2026-06-09,35,satta-company+satta-king-fast+satta-xpress+sattacom,2026-09-26T00:38:11+05:30
ghaziabad,2026-06-09,21,satta-king-fast,2026-09-26T00:38:11+05:30
gali,2026-06-09,0,satta-king-fast,2026-09-26T00:38:11+05:30
disawar,2026-06-10,65,satta-king-fast,2026-09-26T00:38:11+05:30
faridabad,2026-06-10,85,satta-company+satta-king-fast+satta-xpress+sattacom,2026-09-26T00:38:11+05:30
ghaziabad,2026-06-10,33,satta-king-fast,2026-09-26T00:38:11+05:30
gali,2026-06-10,31,satta-king-fast,2026-09-26T00:38:11+05:30
disawar,2026-06-11,31,satta-king-fast,2026-09-26T00:38:11+05:30
faridabad,2026-06-11,75,satta-company+satta-king-fast+satta-xpress+sattacom,2026-09-26T00:38:11+05:30
ghaziabad,2026-06-11,0,satta-king-fast,2026-09-26T00:38:11+05:30
gali,2026-06-11,7,satta-king-fast,2026-09-26T00:38:11+05:30
disawar,2026-06-12,52,satta-king-fast,2026-09-26T00:38:11+05:30
faridabad,2026-06-12,79,satta-company+satta-king-fast+satta-xpress+sattacom,2026-09-26T00:38:11+05:30
ghaziabad,2026-06-12,20,satta-king-fast,2026-09-26T00:38:11+05:30
gali,2026-06-12,59,satta-king-fast,2026-09-26T00:38:11+05:30
disawar,2026-06-13,71,satta-king-fast,2026-09-26T00:38:11+05:30
faridabad,2026-06-13,58,satta-company+satta-king-fast+satta-xpress+sattacom,2026-09-26T00:38:11+05:30
ghaziabad,2026-06-13,91,satta-king-fast,2026-09-26T00:38:11+05:30
gali,2026-06-13,10,satta-king-fast,2026-09-26T00:38:11+05:30
disawar,2026-06-14,40,satta-king-fast,2026-09-26T00:38:11+05:30
faridabad,2026-06-14,23,satta-company+satta-king-fast+satta-xpress+sattacom,2026-09-26T00:38:11+05:30
ghaziabad,2026-06-14,52,satta-king-fast,2026-09-26T00:38:11+05:30
gali,2026-06-14,96,satta-king-fast,2026-09-26T00:38:11+05:30
disawar,2026-06-15,5,satta-king-fast,2026-09-26T00:38:11+05:30
faridabad,2026-06-15,31,satta-company+satta-king-fast+satta-xpress+sattacom,2026-09-26T00:38:11+05:30
ghaziabad,2026-06-15,49,satta-king-fast,2026-09-26T00:38:11+05:30
gali,2026-06-15,60,satta-king-fast,2026-09-26T00:38:11+05:30
disawar,2026-06-16,86,satta-king-fast,2026-09-26T00:38:11+05:30
faridabad,2026-06-16,57,satta-company+satta-king-fast+satta-xpress+sattacom,2026-09-26T00:38:11+05:30
ghaziabad,2026-06-16,49,satta-king-fast,2026-09-26T00:38:11+05:30
gali,2026-06-16,70,satta-king-fast,2026-09-26T00:38:11+05:30
disawar,2026-06-17,3,satta-king-fast,2026-09-26T00:38:11+05:30
faridabad,2026-06-17,13,satta-company+satta-king-fast+satta-xpress+sattacom,2026-09-26T00:38:11+05:30
ghaziabad,2026-06-17,32,satta-king-fast,2026-09-26T00:38:11+05:30
gali,2026-06-17,75,satta-king-fast,2026-09-26T00:38:11+05:30
disawar,2026-06-18,43,satta-king-fast,2026-09-26T00:38:11+05:30
faridabad,2026-06-18,77,satta-company+satta-king-fast+satta-xpress+sattacom,2026-09-26T00:38:11+05:30
ghaziabad,2026-06-18,59,satta-king-fast,2026-09-26T00:38:11+05:30
gali,2026-06-18,96,satta-king-fast,2026-09-26T00:38:11+05:30
disawar,2026-06-19,37,satta-king-fast,2026-09-26T00:38:11+05:30
faridabad,2026-06-19,1,satta-company+satta-king-fast+satta-xpress+sattacom,2026-09-26T00:38:11+05:30
ghaziabad,2026-06-19,23,satta-king-fast,2026-09-26T00:38:11+05:30
gali,2026-06-19,93,satta-king-fast,2026-09-26T00:38:11+05:30
disawar,2026-06-20,13,satta-king-fast,2026-09-26T00:38:11+05:30
faridabad,2026-06-20,56,satta-company+satta-king-fast+satta-xpress+sattacom,2026-09-26T00:38:11+05:30
ghaziabad,2026-06-20,84,satta-king-fast,2026-09-26T00:38:11+05:30
gali,2026-06-20,56,satta-king-fast,2026-09-26T00:38:11+05:30
disawar,2026-06-21,56,satta-king-fast,2026-09-26T00:38:11+05:30
faridabad,2026-06-21,59,satta-company+satta-king-fast+satta-xpress+sattacom,2026-09-26T00:38:11+05:30
ghaziabad,2026-06-21,83,satta-king-fast,2026-09-26T00:38:11+05:30
gali,2026-06-21,61,satta-king-fast,2026-09-26T00:38:11+05:30
disawar,2026-06-22,76,satta-king-fast,2026-09-26T00:38:11+05:30
faridabad,2026-06-22,19,satta-company+satta-king-fast+satta-xpress+sattacom,2026-09-26T00:38:11+05:30
ghaziabad,2026-06-22,37,satta-king-fast,2026-09-26T00:38:11+05:30
gali,2026-06-22,86,satta-king-fast,2026-09-26T00:38:11+05:30
disawar,2026-06-23,70,satta-king-fast,2026-09-26T00:38:11+05:30
faridabad,2026-06-23,77,satta-company+satta-king-fast+satta-xpress+sattacom,2026-09-26T00:38:11+05:30
ghaziabad,2026-06-23,70,satta-king-fast,2026-09-26T00:38:11+05:30
gali,2026-06-23,40,satta-king-fast,2026-09-26T00:38:11+05:30
disawar,2026-06-24,97,satta-king-fast,2026-09-26T00:38:11+05:30
faridabad,2026-06-24,14,satta-company+satta-king-fast+satta-xpress+sattacom,2026-09-26T00:38:11+05:30
ghaziabad,2026-06-24,19,satta-king-fast,2026-09-26T00:38:11+05:30
gali,2026-06-24,13,satta-king-fast,2026-09-26T00:38:11+05:30
disawar,2026-06-25,46,satta-king-fast,2026-09-26T00:38:11+05:30
faridabad,2026-06-25,66,satta-company+satta-king-fast+satta-xpress+sattacom,2026-09-26T00:38:11+05:30
ghaziabad,2026-06-25,30,satta-king-fast,2026-09-26T00:38:11+05:30
gali,2026-06-25,54,satta-king-fast,2026-09-26T00:38:11+05:30
disawar,2026-06-26,85,satta-king-fast,2026-09-26T00:38:11+05:30
faridabad,2026-06-26,8,satta-company+satta-king-fast+satta-xpress+sattacom,2026-09-26T00:38:11+05:30
ghaziabad,2026-06-26,48,satta-king-fast,2026-09-26T00:38:11+05:30
gali,2026-06-26,61,satta-king-fast,2026-09-26T00:38:11+05:30
disawar,2026-06-27,60,satta-king-fast,2026-09-26T00:38:11+05:30
faridabad,2026-06-27,67,satta-company+satta-king-fast+satta-xpress+sattacom,2026-09-26T00:38:11+05:30
ghaziabad,2026-06-27,85,satta-king-fast,2026-09-26T00:38:11+05:30
gali,2026-06-27,0,satta-king-fast,2026-09-26T00:38:11+05:30
disawar,2026-06-28,17,satta-king-fast,2026-09-26T00:38:11+05:30
faridabad,2026-06-28,6,satta-company+satta-king-fast+satta-xpress+sattacom,2026-09-26T00:38:11+05:30
ghaziabad,2026-06-28,40,satta-king-fast,2026-09-26T00:38:11+05:30
gali,2026-06-28,66,satta-king-fast,2026-09-26T00:38:11+05:30
disawar,2026-06-29,53,satta-king-fast,2026-09-26T00:38:11+05:30
faridabad,2026-06-29,41,satta-company+satta-king-fast+satta-xpress+sattacom,2026-09-26T00:38:11+05:30
ghaziabad,2026-06-29,77,satta-king-fast,2026-09-26T00:38:11+05:30
gali,2026-06-29,97,satta-king-fast,2026-09-26T00:38:11+05:30
disawar,2026-06-30,40,satta-king-fast,2026-09-26T00:38:11+05:30
faridabad,2026-07-01,97,satta-company+satta-king-fast+satta-xpress+sattacom,2026-09-26T00:38:11+05:30
ghaziabad,2026-07-01,69,satta-king-fast,2026-09-26T00:38:11+05:30
gali,2026-07-01,78,satta-king-fast,2026-09-26T00:38:11+05:30
disawar,2026-07-02,24,satta-king-fast,2026-09-26T00:38:11+05:30
faridabad,2026-07-02,69,satta-company+satta-king-fast+satta-xpress+sattacom,2026-09-26T00:38:11+05:30
ghaziabad,2026-07-02,11,satta-king-fast,2026-09-26T00:38:11+05:30
gali,2026-07-02,33,satta-king-fast,2026-09-26T00:38:11+05:30
disawar,2026-07-03,39,satta-king-fast,2026-09-26T00:38:11+05:30
faridabad,2026-07-03,73,satta-company+satta-king-fast+satta-xpress+sattacom,2026-09-26T00:38:11+05:30
ghaziabad,2026-07-03,31,satta-king-fast,2026-09-26T00:38:11+05:30
gali,2026-07-03,49,satta-king-fast,2026-09-26T00:38:11+05:30
disawar,2026-07-04,91,satta-king-fast,2026-09-26T00:38:11+05:30
faridabad,2026-07-04,34,satta-company+satta-king-fast+satta-xpress+sattacom,2026-09-26T00:38:11+05:30
ghaziabad,2026-07-04,72,satta-king-fast,2026-09-26T00:38:11+05:30
gali,2026-07-04,39,satta-king-fast,2026-09-26T00:38:11+05:30
disawar,2026-07-05,23,satta-king-fast,2026-09-26T00:38:11+05:30
faridabad,2026-07-05,92,satta-company+satta-king-fast+satta-xpress+sattacom,2026-09-26T00:38:11+05:30
ghaziabad,2026-07-05,91,satta-king-fast,2026-09-26T00:38:11+05:30
gali,2026-07-05,36,satta-king-fast,2026-09-26T00:38:11+05:30
disawar,2026-07-06,6,satta-king-fast,2026-09-26T00:38:11+05:30
faridabad,2026-07-06,19,satta-company+satta-king-fast+satta-xpress+sattacom,2026-09-26T00:38:11+05:30
ghaziabad,2026-07-06,54,satta-king-fast,2026-09-26T00:38:11+05:30
gali,2026-07-06,50,satta-king-fast,2026-09-26T00:38:11+05:30
disawar,2026-07-07,19,satta-king-fast,2026-09-26T00:38:11+05:30
faridabad,2026-07-07,4,satta-company+satta-king-fast+satta-xpress+sattacom,2026-09-26T00:38:11+05:30
ghaziabad,2026-07-07,48,satta-king-fast,2026-09-26T00:38:11+05:30
gali,2026-07-07,41,satta-king-fast,2026-09-26T00:38:11+05:30
disawar,2026-07-08,53,satta-king-fast,2026-09-26T00:38:11+05:30
faridabad,2026-07-08,41,satta-company+satta-king-fast+satta-xpress+sattacom,2026-09-26T00:38:11+05:30
ghaziabad,2026-07-08,71,satta-king-fast,2026-09-26T00:38:11+05:30
gali,2026-07-08,21,satta-king-fast,2026-09-26T00:38:11+05:30
disawar,2026-07-09,2,satta-king-fast,2026-09-26T00:38:11+05:30
faridabad,2026-07-09,88,satta-company+satta-king-fast+satta-xpress+sattacom,2026-09-26T00:38:11+05:30
ghaziabad,2026-07-09,29,satta-king-fast,2026-09-26T00:38:11+05:30
gali,2026-07-09,75,satta-king-fast,2026-09-26T00:38:11+05:30
disawar,2026-07-10,26,satta-king-fast,2026-09-26T00:38:11+05:30
faridabad,2026-07-10,74,satta-company+satta-king-fast+satta-xpress+sattacom,2026-09-26T00:38:11+05:30
ghaziabad,2026-07-10,42,satta-king-fast,2026-09-26T00:38:11+05:30
gali,2026-07-10,35,satta-king-fast,2026-09-26T00:38:11+05:30
disawar,2026-07-11,53,satta-king-fast,2026-09-26T00:38:11+05:30
faridabad,2026-07-11,32,satta-company+satta-king-fast+satta-xpress+sattacom,2026-09-26T00:38:11+05:30
ghaziabad,2026-07-11,4,satta-king-fast,2026-09-26T00:38:11+05:30
gali,2026-07-11,4,satta-king-fast,2026-09-26T00:38:11+05:30
disawar,2026-07-12,26,satta-king-fast,2026-09-26T00:38:11+05:30
faridabad,2026-07-12,91,satta-company+satta-king-fast+satta-xpress+sattacom,2026-09-26T00:38:11+05:30
ghaziabad,2026-07-12,15,satta-king-fast,2026-09-26T00:38:11+05:30
gali,2026-07-12,77,satta-king-fast,2026-09-26T00:38:11+05:30
disawar,2026-07-13,66,satta-king-fast,2026-09-26T00:38:11+05:30
faridabad,2026-07-13,5,satta-company+satta-king-fast+satta-xpress+sattacom,2026-09-26T00:38:11+05:30
ghaziabad,2026-07-13,87,satta-king-fast,2026-09-26T00:38:11+05:30
gali,2026-07-13,45,satta-king-fast,2026-09-26T00:38:11+05:30
disawar,2026-07-14,73,satta-king-fast,2026-09-26T00:38:11+05:30
faridabad,2026-07-14,93,satta-company+satta-king-fast+satta-xpress+sattacom,2026-09-26T00:38:11+05:30
ghaziabad,2026-07-14,75,satta-king-fast,2026-09-26T00:38:11+05:30
gali,2026-07-14,52,satta-king-fast,2026-09-26T00:38:11+05:30
disawar,2026-07-15,16,satta-king-fast,2026-09-26T00:38:11+05:30
faridabad,2026-07-15,60,satta-company+satta-king-fast+satta-xpress+sattacom,2026-09-26T00:38:11+05:30
ghaziabad,2026-07-15,77,satta-king-fast,2026-09-26T00:38:11+05:30
gali,2026-07-15,8,satta-king-fast,2026-09-26T00:38:11+05:30
disawar,2026-07-16,28,satta-king-fast,2026-09-26T00:38:11+05:30
faridabad,2026-07-16,15,satta-company+satta-king-fast+satta-xpress+sattacom,2026-09-26T00:38:11+05:30
ghaziabad,2026-07-16,5,satta-king-fast,2026-09-26T00:38:11+05:30
gali,2026-07-16,90,satta-king-fast,2026-09-26T00:38:11+05:30
disawar,2026-07-17,32,satta-king-fast,2026-09-26T00:38:11+05:30
faridabad,2026-07-17,30,satta-company+satta-king-fast+satta-xpress+sattacom,2026-09-26T00:38:11+05:30
ghaziabad,2026-07-17,30,satta-king-fast,2026-09-26T00:38:11+05:30
gali,2026-07-17,14,satta-king-fast,2026-09-26T00:38:11+05:30
disawar,2026-07-18,85,satta-king-fast,2026-09-26T00:38:11+05:30
faridabad,2026-07-18,7,satta-company+satta-king-fast+satta-xpress+sattacom,2026-09-26T00:38:11+05:30
ghaziabad,2026-07-18,51,satta-king-fast,2026-09-26T00:38:11+05:30
gali,2026-07-18,80,satta-king-fast,2026-09-26T00:38:11+05:30
disawar,2026-07-19,16,satta-king-fast,2026-09-26T00:38:11+05:30
faridabad,2026-07-19,83,satta-company+satta-king-fast+satta-xpress+sattacom,2026-09-26T00:38:11+05:30
ghaziabad,2026-07-19,45,satta-king-fast,2026-09-26T00:38:11+05:30
gali,2026-07-19,57,satta-king-fast,2026-09-26T00:38:11+05:30
disawar,2026-07-20,83,satta-king-fast,2026-09-26T00:38:11+05:30
faridabad,2026-07-20,47,satta-company+satta-king-fast+satta-xpress+sattacom,2026-09-26T00:38:11+05:30
ghaziabad,2026-07-20,32,satta-king-fast,2026-09-26T00:38:11+05:30
gali,2026-07-20,54,satta-king-fast,2026-09-26T00:38:11+05:30
disawar,2026-07-21,73,satta-king-fast,2026-09-26T00:38:11+05:30
faridabad,2026-07-21,6,satta-company+satta-king-fast+satta-xpress+sattacom,2026-09-26T00:38:11+05:30
ghaziabad,2026-07-21,82,satta-king-fast,2026-09-26T00:38:11+05:30
gali,2026-07-21,11,satta-king-fast,2026-09-26T00:38:11+05:30
disawar,2026-07-22,5,satta-king-fast,2026-09-26T00:38:11+05:30
faridabad,2026-07-22,34,satta-company+satta-king-fast+satta-xpress+sattacom,2026-09-26T00:38:11+05:30
ghaziabad,2026-07-22,9,satta-king-fast,2026-09-26T00:38:11+05:30
gali,2026-07-22,40,satta-king-fast,2026-09-26T00:38:11+05:30
disawar,2026-07-23,20,satta-king-fast,2026-09-26T00:38:11+05:30
faridabad,2026-07-23,39,satta-company+satta-king-fast+satta-xpress+sattacom,2026-09-26T00:38:11+05:30
ghaziabad,2026-07-23,54,satta-king-fast,2026-09-26T00:38:11+05:30
gali,2026-07-23,43,satta-king-fast,2026-09-26T00:38:11+05:30
disawar,2026-07-24,69,satta-king-fast,2026-09-26T00:38:11+05:30
faridabad,2026-07-24,76,satta-company+satta-king-fast+satta-xpress+sattacom,2026-09-26T00:38:11+05:30
ghaziabad,2026-07-24,73,satta-king-fast,2026-09-26T00:38:11+05:30
gali,2026-07-24,72,satta-king-fast,2026-09-26T00:38:11+05:30
disawar,2026-07-25,89,satta-king-fast,2026-09-26T00:38:11+05:30
faridabad,2026-07-25,32,satta-company+satta-king-fast+satta-xpress+sattacom,2026-09-26T00:38:11+05:30
ghaziabad,2026-07-25,70,satta-king-fast,2026-09-26T00:38:11+05:30
gali,2026-07-25,58,satta-king-fast,2026-09-26T00:38:11+05:30
disawar,2026-07-26,65,satta-king-fast,2026-09-26T00:38:11+05:30
faridabad,2026-07-26,22,satta-company+satta-king-fast+satta-xpress+sattacom,2026-09-26T00:38:11+05:30
ghaziabad,2026-07-26,84,satta-king-fast,2026-09-26T00:38:11+05:30
gali,2026-07-26,39,satta-king-fast,2026-09-26T00:38:11+05:30
disawar,2026-07-27,6,satta-king-fast,2026-09-26T00:38:11+05:30
faridabad,2026-07-27,74,satta-company+satta-king-fast+satta-xpress+sattacom,2026-09-26T00:38:11+05:30
ghaziabad,2026-07-27,7,satta-king-fast,2026-09-26T00:38:11+05:30
gali,2026-07-27,72,satta-king-fast,2026-09-26T00:38:11+05:30
disawar,2026-07-28,75,satta-king-fast,2026-09-26T00:38:11+05:30
faridabad,2026-07-28,27,satta-company+satta-king-fast+satta-xpress+sattacom,2026-09-26T00:38:11+05:30
ghaziabad,2026-07-28,67,satta-king-fast,2026-09-26T00:38:11+05:30
gali,2026-07-28,2,satta-king-fast,2026-09-26T00:38:11+05:30
disawar,2026-07-29,16,satta-king-fast,2026-09-26T00:38:11+05:30
faridabad,2026-07-29,60,satta-company+satta-king-fast+satta-xpress+sattacom,2026-09-26T00:38:11+05:30
ghaziabad,2026-07-29,9,satta-king-fast,2026-09-26T00:38:11+05:30
gali,2026-07-29,16,satta-king-fast,2026-09-26T00:38:11+05:30
disawar,2026-07-30,67,satta-king-fast,2026-09-26T00:38:11+05:30
faridabad,2026-07-30,40,satta-company+satta-king-fast+satta-xpress+sattacom,2026-09-26T00:38:11+05:30
ghaziabad,2026-07-30,52,satta-king-fast,2026-09-26T00:38:11+05:30
gali,2026-07-30,86,satta-king-fast,2026-09-26T00:38:11+05:30
disawar,2026-07-31,5,satta-king-fast,2026-09-26T00:38:11+05:30
faridabad,2026-07-31,5,satta-company,2026-09-26T00:38:11+05:30
faridabad,2026-08-01,57,satta-company+satta-king-fast+satta-xpress+sattacom,2026-09-26T00:38:11+05:30
ghaziabad,2026-08-01,23,satta-king-fast,2026-09-26T00:38:11+05:30
gali,2026-08-01,92,satta-king-fast,2026-09-26T00:38:11+05:30
disawar,2026-08-02,31,satta-king-fast,2026-09-26T00:38:11+05:30
faridabad,2026-08-02,6,satta-company+satta-king-fast+satta-xpress+sattacom,2026-09-26T00:38:11+05:30
ghaziabad,2026-08-02,15,satta-king-fast,2026-09-26T00:38:11+05:30
gali,2026-08-02,31,satta-king-fast,2026-09-26T00:38:11+05:30
disawar,2026-08-03,74,satta-king-fast,2026-09-26T00:38:11+05:30
faridabad,2026-08-03,95,satta-company+satta-king-fast+satta-xpress+sattacom,2026-09-26T00:38:11+05:30
ghaziabad,2026-08-03,60,satta-king-fast,2026-09-26T00:38:11+05:30
gali,2026-08-03,59,satta-king-fast,2026-09-26T00:38:11+05:30
disawar,2026-08-04,31,satta-king-fast,2026-09-26T00:38:11+05:30
faridabad,2026-08-04,12,satta-king-fast+satta-xpress+sattacom,2026-09-26T00:38:11+05:30
ghaziabad,2026-08-04,24,satta-king-fast,2026-09-26T00:38:11+05:30
gali,2026-08-04,27,satta-king-fast,2026-09-26T00:38:11+05:30
disawar,2026-08-05,93,satta-king-fast,2026-09-26T00:38:11+05:30
faridabad,2026-08-05,57,satta-company+satta-king-fast+satta-xpress+sattacom,2026-09-26T00:38:11+05:30
ghaziabad,2026-08-05,22,satta-king-fast,2026-09-26T00:38:11+05:30
gali,2026-08-05,85,satta-king-fast,2026-09-26T00:38:11+05:30
disawar,2026-08-06,51,satta-king-fast,2026-09-26T00:38:11+05:30
faridabad,2026-08-06,22,satta-company+satta-king-fast+satta-xpress+sattacom,2026-09-26T00:38:11+05:30
ghaziabad,2026-08-06,89,satta-king-fast,2026-09-26T00:38:11+05:30
gali,2026-08-06,80,satta-king-fast,2026-09-26T00:38:11+05:30
disawar,2026-08-07,83,satta-king-fast,2026-09-26T00:38:11+05:30
faridabad,2026-08-07,26,satta-company+satta-king-fast+satta-xpress+sattacom,2026-09-26T00:38:11+05:30
ghaziabad,2026-08-07,60,satta-king-fast,2026-09-26T00:38:11+05:30
gali,2026-08-07,35,satta-king-fast,2026-09-26T00:38:11+05:30
disawar,2026-08-08,96,satta-king-fast,2026-09-26T00:38:11+05:30
faridabad,2026-08-08,81,satta-company+satta-king-fast+satta-xpress+sattacom,2026-09-26T00:38:11+05:30
ghaziabad,2026-08-08,99,satta-king-fast,2026-09-26T00:38:11+05:30
gali,2026-08-08,93,satta-king-fast,2026-09-26T00:38:11+05:30
disawar,2026-08-09,16,satta-king-fast,2026-09-26T00:38:11+05:30
faridabad,2026-08-09,63,satta-company+satta-king-fast+satta-xpress+sattacom,2026-09-26T00:38:11+05:30
ghaziabad,2026-08-09,53,satta-king-fast,2026-09-26T00:38:11+05:30
gali,2026-08-09,97,satta-king-fast,2026-09-26T00:38:11+05:30
disawar,2026-08-10,64,satta-king-fast,2026-09-26T00:38:11+05:30
faridabad,2026-08-10,58,satta-company+satta-king-fast+satta-xpress+sattacom,2026-09-26T00:38:11+05:30
ghaziabad,2026-08-10,69,satta-king-fast,2026-09-26T00:38:11+05:30
gali,2026-08-10,57,satta-king-fast,2026-09-26T00:38:11+05:30
disawar,2026-08-11,88,satta-king-fast,2026-09-26T00:38:11+05:30
faridabad,2026-08-11,58,satta-company+satta-king-fast+satta-xpress+sattacom,2026-09-26T00:38:11+05:30
ghaziabad,2026-08-11,31,satta-king-fast,2026-09-26T00:38:11+05:30
gali,2026-08-11,92,satta-king-fast,2026-09-26T00:38:11+05:30
disawar,2026-08-12,19,satta-king-fast,2026-09-26T00:38:11+05:30
faridabad,2026-08-12,75,satta-company+satta-king-fast+satta-xpress+sattacom,2026-09-26T00:38:11+05:30
ghaziabad,2026-08-12,63,satta-king-fast,2026-09-26T00:38:11+05:30
gali,2026-08-12,36,satta-king-fast,2026-09-26T00:38:11+05:30
disawar,2026-08-13,79,satta-king-fast,2026-09-26T00:38:11+05:30
faridabad,2026-08-13,54,satta-company+satta-king-fast+satta-xpress+sattacom,2026-09-26T00:38:11+05:30
ghaziabad,2026-08-13,79,satta-king-fast,2026-09-26T00:38:11+05:30
gali,2026-08-13,61,satta-king-fast,2026-09-26T00:38:11+05:30
disawar,2026-08-14,12,satta-king-fast,2026-09-26T00:38:11+05:30
faridabad,2026-08-14,49,satta-company+satta-king-fast+satta-xpress+sattacom,2026-09-26T00:38:11+05:30
ghaziabad,2026-08-14,38,satta-king-fast,2026-09-26T00:38:11+05:30
gali,2026-08-14,71,satta-king-fast,2026-09-26T00:38:11+05:30
disawar,2026-08-15,49,satta-king-fast,2026-09-26T00:38:11+05:30
faridabad,2026-08-15,58,satta-company+satta-king-fast+satta-xpress+sattacom,2026-09-26T00:38:11+05:30
ghaziabad,2026-08-15,40,satta-king-fast,2026-09-26T00:38:11+05:30
gali,2026-08-15,71,satta-king-fast,2026-09-26T00:38:11+05:30
disawar,2026-08-16,57,satta-king-fast,2026-09-26T00:38:11+05:30
faridabad,2026-08-16,90,satta-company+satta-king-fast+satta-xpress+sattacom,2026-09-26T00:38:11+05:30
ghaziabad,2026-08-16,99,satta-king-fast,2026-09-26T00:38:11+05:30
gali,2026-08-16,59,satta-king-fast,2026-09-26T00:38:11+05:30
disawar,2026-08-17,40,satta-king-fast,2026-09-26T00:38:11+05:30
faridabad,2026-08-17,46,satta-company+satta-king-fast+satta-xpress+sattacom,2026-09-26T00:38:11+05:30
ghaziabad,2026-08-17,20,satta-king-fast,2026-09-26T00:38:11+05:30
gali,2026-08-17,15,satta-king-fast,2026-09-26T00:38:11+05:30
disawar,2026-08-18,29,satta-king-fast,2026-09-26T00:38:11+05:30
faridabad,2026-08-18,22,satta-company+satta-king-fast+satta-xpress+sattacom,2026-09-26T00:38:11+05:30
ghaziabad,2026-08-18,32,satta-king-fast,2026-09-26T00:38:11+05:30
gali,2026-08-18,88,satta-king-fast,2026-09-26T00:38:11+05:30
disawar,2026-08-19,40,satta-king-fast,2026-09-26T00:38:11+05:30
faridabad,2026-08-19,59,satta-company+satta-king-fast+satta-xpress+sattacom,2026-09-26T00:38:11+05:30
ghaziabad,2026-08-19,58,satta-king-fast,2026-09-26T00:38:11+05:30
gali,2026-08-19,56,satta-king-fast,2026-09-26T00:38:11+05:30
disawar,2026-08-20,8,satta-king-fast,2026-09-26T00:38:11+05:30
faridabad,2026-08-20,91,satta-company+satta-king-fast+satta-xpress+sattacom,2026-09-26T00:38:11+05:30
ghaziabad,2026-08-20,22,satta-king-fast,2026-09-26T00:38:11+05:30
gali,2026-08-20,53,satta-king-fast,2026-09-26T00:38:11+05:30
disawar,2026-08-21,18,satta-king-fast,2026-09-26T00:38:11+05:30
faridabad,2026-08-21,34,satta-company+satta-king-fast+satta-xpress+sattacom,2026-09-26T00:38:11+05:30
ghaziabad,2026-08-21,50,satta-king-fast,2026-09-26T00:38:11+05:30
gali,2026-08-21,34,satta-king-fast,2026-09-26T00:38:11+05:30
disawar,2026-08-22,8,satta-king-fast,2026-09-26T00:38:11+05:30
faridabad,2026-08-22,41,satta-company+satta-king-fast+satta-xpress+sattacom,2026-09-26T00:38:11+05:30
ghaziabad,2026-08-22,11,satta-king-fast,2026-09-26T00:38:11+05:30
gali,2026-08-22,82,satta-king-fast,2026-09-26T00:38:11+05:30
disawar,2026-08-23,41,satta-king-fast,2026-09-26T00:38:11+05:30
faridabad,2026-08-23,88,satta-company+satta-king-fast+satta-xpress+sattacom,2026-09-26T00:38:11+05:30
ghaziabad,2026-08-23,99,satta-king-fast,2026-09-26T00:38:11+05:30
gali,2026-08-23,83,satta-king-fast,2026-09-26T00:38:11+05:30
disawar,2026-08-24,16,satta-king-fast,2026-09-26T00:38:11+05:30
faridabad,2026-08-24,77,satta-company+satta-king-fast+satta-xpress+sattacom,2026-09-26T00:38:11+05:30
ghaziabad,2026-08-24,95,satta-king-fast,2026-09-26T00:38:11+05:30
gali,2026-08-24,75,satta-king-fast,2026-09-26T00:38:11+05:30
disawar,2026-08-25,36,satta-king-fast,2026-09-26T00:38:11+05:30
faridabad,2026-08-25,71,satta-company+satta-king-fast+satta-xpress+sattacom,2026-09-26T00:38:11+05:30
ghaziabad,2026-08-25,53,satta-king-fast,2026-09-26T00:38:11+05:30
gali,2026-08-25,89,satta-king-fast,2026-09-26T00:38:11+05:30
disawar,2026-08-26,80,satta-king-fast,2026-09-26T00:38:11+05:30
faridabad,2026-08-26,49,satta-company+satta-king-fast+satta-xpress+sattacom,2026-09-26T00:38:11+05:30
ghaziabad,2026-08-26,90,satta-king-fast,2026-09-26T00:38:11+05:30
gali,2026-08-26,77,satta-king-fast,2026-09-26T00:38:11+05:30
disawar,2026-08-27,99,satta-king-fast,2026-09-26T00:38:11+05:30
faridabad,2026-08-27,61,satta-company+satta-king-fast+satta-xpress+sattacom,2026-09-26T00:38:11+05:30
ghaziabad,2026-08-27,93,satta-king-fast,2026-09-26T00:38:11+05:30
gali,2026-08-27,63,satta-king-fast,2026-09-26T00:38:11+05:30
disawar,2026-08-28,27,satta-king-fast,2026-09-26T00:38:11+05:30
faridabad,2026-08-28,23,satta-company+satta-king-fast+satta-xpress+sattacom,2026-09-26T00:38:11+05:30
ghaziabad,2026-08-28,59,satta-king-fast,2026-09-26T00:38:11+05:30
gali,2026-08-28,86,satta-king-fast,2026-09-26T00:38:11+05:30
disawar,2026-08-29,31,satta-king-fast,2026-09-26T00:38:11+05:30
faridabad,2026-08-29,62,satta-company+satta-king-fast+satta-xpress+sattacom,2026-09-26T00:38:11+05:30
ghaziabad,2026-08-29,64,satta-king-fast,2026-09-26T00:38:11+05:30
gali,2026-08-29,45,satta-king-fast,2026-09-26T00:38:11+05:30
disawar,2026-08-30,96,satta-king-fast,2026-09-26T00:38:11+05:30
faridabad,2026-08-30,7,satta-company+satta-king-fast+satta-xpress+sattacom,2026-09-26T00:38:11+05:30
ghaziabad,2026-08-30,87,satta-king-fast,2026-09-26T00:38:11+05:30
gali,2026-08-30,21,satta-king-fast,2026-09-26T00:38:11+05:30
disawar,2026-08-31,90,satta-king-fast,2026-09-26T00:38:11+05:30
faridabad,2026-09-01,45,satta-company+satta-king-fast+satta-xpress+sattacom,2026-09-26T00:38:11+05:30
ghaziabad,2026-09-01,86,satta-king-fast,2026-09-26T00:38:11+05:30
gali,2026-09-01,81,satta-king-fast,2026-09-26T00:38:11+05:30
disawar,2026-09-02,69,satta-king-fast,2026-09-26T00:38:11+05:30
faridabad,2026-09-02,19,satta-company+satta-king-fast+satta-xpress+sattacom,2026-09-26T00:38:11+05:30
ghaziabad,2026-09-02,85,satta-king-fast,2026-09-26T00:38:11+05:30
gali,2026-09-02,96,satta-king-fast,2026-09-26T00:38:11+05:30
disawar,2026-09-03,57,satta-king-fast,2026-09-26T00:38:11+05:30
faridabad,2026-09-03,8,satta-company+satta-king-fast+satta-xpress+sattacom,2026-09-26T00:38:11+05:30
ghaziabad,2026-09-03,32,satta-king-fast,2026-09-26T00:38:11+05:30
gali,2026-09-03,77,satta-king-fast,2026-09-26T00:38:11+05:30
disawar,2026-09-04,95,satta-king-fast,2026-09-26T00:38:11+05:30
faridabad,2026-09-04,2,satta-company+satta-king-fast+satta-xpress+sattacom,2026-09-26T00:38:11+05:30
ghaziabad,2026-09-04,95,satta-king-fast,2026-09-26T00:38:11+05:30
gali,2026-09-04,26,satta-king-fast,2026-09-26T00:38:11+05:30
disawar,2026-09-05,59,satta-king-fast,2026-09-26T00:38:11+05:30
faridabad,2026-09-05,30,satta-company+satta-king-fast+satta-xpress+sattacom,2026-09-26T00:38:11+05:30
ghaziabad,2026-09-05,68,satta-king-fast,2026-09-26T00:38:11+05:30
gali,2026-09-05,37,satta-king-fast,2026-09-26T00:38:11+05:30
disawar,2026-09-06,78,satta-king-fast,2026-09-26T00:38:11+05:30
faridabad,2026-09-06,88,satta-company+satta-king-fast+satta-xpress+sattacom,2026-09-26T00:38:11+05:30
ghaziabad,2026-09-06,69,satta-king-fast,2026-09-26T00:38:11+05:30
gali,2026-09-06,94,satta-king-fast,2026-09-26T00:38:11+05:30
disawar,2026-09-07,67,satta-king-fast,2026-09-26T00:38:11+05:30
faridabad,2026-09-07,2,satta-company+satta-king-fast+satta-xpress+sattacom,2026-09-26T00:38:11+05:30
ghaziabad,2026-09-07,2,satta-king-fast,2026-09-26T00:38:11+05:30
gali,2026-09-07,10,satta-king-fast,2026-09-26T00:38:11+05:30
disawar,2026-09-08,92,satta-king-fast,2026-09-26T00:38:11+05:30
faridabad,2026-09-08,71,satta-company+satta-king-fast+satta-xpress+sattacom,2026-09-26T00:38:11+05:30
ghaziabad,2026-09-08,93,satta-king-fast,2026-09-26T00:38:11+05:30
gali,2026-09-08,64,satta-king-fast,2026-09-26T00:38:11+05:30
disawar,2026-09-09,54,satta-king-fast,2026-09-26T00:38:11+05:30
faridabad,2026-09-09,29,satta-company+satta-king-fast+satta-xpress+sattacom,2026-09-26T00:38:11+05:30
ghaziabad,2026-09-09,93,satta-king-fast,2026-09-26T00:38:11+05:30
gali,2026-09-09,69,satta-king-fast,2026-09-26T00:38:11+05:30
disawar,2026-09-10,93,satta-king-fast,2026-09-26T00:38:11+05:30
faridabad,2026-09-10,15,satta-company+satta-king-fast+satta-xpress+sattacom,2026-09-26T00:38:11+05:30
ghaziabad,2026-09-10,72,satta-king-fast,2026-09-26T00:38:11+05:30
gali,2026-09-10,40,satta-king-fast,2026-09-26T00:38:11+05:30
disawar,2026-09-11,40,satta-king-fast,2026-09-26T00:38:11+05:30
faridabad,2026-09-11,72,satta-company+satta-king-fast+satta-xpress+sattacom,2026-09-26T00:38:11+05:30
ghaziabad,2026-09-11,98,satta-king-fast,2026-09-26T00:38:11+05:30
gali,2026-09-11,34,satta-king-fast,2026-09-26T00:38:11+05:30
disawar,2026-09-12,46,satta-king-fast,2026-09-26T00:38:11+05:30
faridabad,2026-09-12,65,satta-company+satta-king-fast+satta-xpress+sattacom,2026-09-26T00:38:11+05:30
ghaziabad,2026-09-12,16,satta-king-fast,2026-09-26T00:38:11+05:30
gali,2026-09-12,35,satta-king-fast,2026-09-26T00:38:11+05:30
disawar,2026-09-13,2,satta-king-fast,2026-09-26T00:38:11+05:30
faridabad,2026-09-13,74,satta-company+satta-king-fast+satta-xpress+sattacom,2026-09-26T00:38:11+05:30
ghaziabad,2026-09-13,47,satta-king-fast,2026-09-26T00:38:11+05:30
gali,2026-09-13,72,satta-king-fast,2026-09-26T00:38:11+05:30
disawar,2026-09-14,35,satta-king-fast,2026-09-26T00:38:11+05:30
faridabad,2026-09-14,30,satta-company+satta-king-fast+satta-xpress+sattacom,2026-09-26T00:38:11+05:30
ghaziabad,2026-09-14,50,satta-king-fast,2026-09-26T00:38:11+05:30
gali,2026-09-14,87,satta-king-fast,2026-09-26T00:38:11+05:30
disawar,2026-09-15,89,satta-king-fast,2026-09-26T00:38:11+05:30
faridabad,2026-09-15,24,satta-company+satta-king-fast+satta-xpress+sattacom,2026-09-26T00:38:11+05:30
ghaziabad,2026-09-15,19,satta-king-fast,2026-09-26T00:38:11+05:30
gali,2026-09-15,83,satta-king-fast,2026-09-26T00:38:11+05:30
disawar,2026-09-16,31,satta-king-fast,2026-09-26T00:38:11+05:30
faridabad,2026-09-16,21,satta-company+satta-king-fast+satta-xpress+sattacom,2026-09-26T00:38:11+05:30
ghaziabad,2026-09-16,42,satta-king-fast,2026-09-26T00:38:11+05:30
gali,2026-09-16,91,satta-king-fast,2026-09-26T00:38:11+05:30
disawar,2026-09-17,90,satta-king-fast,2026-09-26T00:38:11+05:30
faridabad,2026-09-17,38,satta-company+satta-king-fast+satta-xpress+sattacom,2026-09-26T00:38:11+05:30
ghaziabad,2026-09-17,34,satta-king-fast,2026-09-26T00:38:11+05:30
gali,2026-09-17,73,satta-king-fast,2026-09-26T00:38:11+05:30
disawar,2026-09-18,49,satta-king-fast,2026-09-26T00:38:11+05:30
faridabad,2026-09-18,36,satta-company+satta-king-fast+satta-xpress+sattacom,2026-09-26T00:38:11+05:30
ghaziabad,2026-09-18,3,satta-king-fast,2026-09-26T00:38:11+05:30
gali,2026-09-18,50,satta-king-fast,2026-09-26T00:38:11+05:30
disawar,2026-09-19,35,satta-king-fast,2026-09-26T00:38:11+05:30
faridabad,2026-09-19,21,satta-company+satta-king-fast+satta-xpress+sattacom,2026-09-26T00:38:11+05:30
ghaziabad,2026-09-19,86,satta-king-fast,2026-09-26T00:38:11+05:30
gali,2026-09-19,7,satta-king-fast,2026-09-26T00:38:11+05:30
disawar,2026-09-20,32,satta-king-fast,2026-09-26T00:38:11+05:30
faridabad,2026-09-20,84,satta-company+satta-king-fast+satta-xpress+sattacom,2026-09-26T00:38:11+05:30
ghaziabad,2026-09-20,24,satta-king-fast,2026-09-26T00:38:11+05:30
gali,2026-09-20,66,satta-king-fast,2026-09-26T00:38:11+05:30
disawar,2026-09-21,1,satta-king-fast,2026-09-26T00:38:11+05:30
faridabad,2026-09-21,71,satta-company+satta-king-fast+satta-xpress+sattacom,2026-09-26T00:38:11+05:30
ghaziabad,2026-09-21,70,satta-king-fast,2026-09-26T00:38:11+05:30
gali,2026-09-21,32,satta-king-fast,2026-09-26T00:38:11+05:30
disawar,2026-09-22,73,satta-king-fast,2026-09-26T00:38:11+05:30
faridabad,2026-09-22,42,satta-company+satta-king-fast+satta-xpress+sattacom,2026-09-26T00:38:11+05:30
ghaziabad,2026-09-22,50,satta-king-fast,2026-09-26T00:38:11+05:30
gali,2026-09-22,0,satta-king-fast,2026-09-26T00:38:11+05:30
disawar,2026-09-23,35,satta-king-fast,2026-09-26T00:38:11+05:30
faridabad,2026-09-23,0,satta-company+satta-king-fast+sattacom,2026-09-26T00:38:11+05:30
ghaziabad,2026-09-23,42,satta-king-fast,2026-09-26T00:38:11+05:30
gali,2026-09-23,2,satta-king-fast,2026-09-26T00:38:11+05:30
disawar,2026-09-24,26,satta-king-fast,2026-09-26T00:38:11+05:30
faridabad,2026-09-24,38,satta-company+satta-king-fast+satta-xpress+sattacom,2026-09-26T00:38:11+05:30
ghaziabad,2026-09-24,32,satta-king-fast,2026-09-26T00:38:11+05:30
gali,2026-09-24,90,satta-king-fast,2026-09-26T00:38:11+05:30
disawar,2026-09-25,86,satta-king-fast,2026-09-26T00:38:11+05:30
faridabad,2026-09-25,8,satta-company+satta-king-fast+satta-xpress+sattacom,2026-09-26T00:38:11+05:30
ghaziabad,2026-09-25,63,satta-king-fast,2026-09-26T00:38:11+05:30
gali,2026-09-25,37,satta-king-fast,2026-09-26T00:38:11+05:30
disawar,2026-09-26,48,satta-king-fast,2026-09-26T07:05:09+05:30
